state,parlimen,ballot_order,name,name_display,age,sex,ethnicity,party,votes,result,result_desc,new_mp
Perlis,P.001 Padang Besar,1,Rushdan Bin Rusmi,RUSHDAN BIN RUSMI,44,male,bumiputera,PERIKATAN NASIONAL (PN),24267,1,won,1
Perlis,P.002 Kangar,1,Zakri Bin Hassan,CIKGU ZAKRI,57,male,bumiputera,PERIKATAN NASIONAL (PN),24562,1,won,1
Perlis,P.003 Arau,2,Shahidan Bin Kassim,SHAHIDAN BIN KASSIM,71,male,bumiputera,PERIKATAN NASIONAL (PN),31458,1,won,0
Kedah,P.004 Langkawi,2,Mohd Suhaimi Bin Abdullah,MOHD SUHAIMI BIN ABDULLAH,46,male,bumiputera,PERIKATAN NASIONAL (PN),25463,1,won,1
Kedah,P.005 Jerlun,1,Abd Ghani Bin Ahmad,DR. ABD GHANI AHMAD,52,male,bumiputera,PERIKATAN NASIONAL (PN),31685,1,won,1
Kedah,P.006 Kubang Pasu,1,Ku Abd Rahman Bin Ku Ismail,DATO' WIRA DR KU ABD RAHMAN BIN KU ISMAIL,70,male,bumiputera,PERIKATAN NASIONAL (PN),47584,1,won,1
Kedah,P.007 Padang Terap,4,Nurul Amin Bin Hamid,USTAZ NURUL AMIN,39,male,bumiputera,PERIKATAN NASIONAL (PN),28217,1,won,1
Kedah,P.008 Pokok Sena,2,Ahmad Bin Saad @ Yahaya,DATO' AHMAD YAHAYA,47,male,bumiputera,PERIKATAN NASIONAL (PN),52275,1,won,1
Kedah,P.009 Alor Setar,2,Afnan Hamimi Bin Taib Azamudden,AFNAN HAMIMI BIN DATO' HAJI TAIB AZAMUDDEN,41,male,bumiputera,PERIKATAN NASIONAL (PN),37486,1,won,1
Kedah,P.010 Kuala Kedah,4,Ahmad Fakhruddin Bin Fakhrurazi,DR. AHMAD FAKHRUDDIN,51,male,bumiputera,PERIKATAN NASIONAL (PN),56298,1,won,1
Kedah,P.011 Pendang,1,Awang Bin Hashim,DATUK HAJI AWANG SOLAHUDIN,58,male,bumiputera,PERIKATAN NASIONAL (PN),49008,1,won,0
Kedah,P.012 Jerai,3,Sabri Bin Azit,USTAZ SABRI BIN AZIT,56,male,bumiputera,PERIKATAN NASIONAL (PN),49461,1,won,0
Kedah,P.013 Sik,3,Ahmad Tarmizi Bin Sulaiman,AHMAD TARMIZI SULAIMAN,46,male,bumiputera,PERIKATAN NASIONAL (PN),34606,1,won,0
Kedah,P.014 Merbok,4,Mohd Nazri Bin Abu Hassan,MOHD NAZRI,52,male,bumiputera,PERIKATAN NASIONAL (PN),52573,1,won,1
Kedah,P.015 Sungai Petani,1,Mohammed Taufiq Bin Johari,DR. TAUFIQ BIN DATO' JOHARI,26,male,bumiputera,PAKATAN HARAPAN (PH),50580,1,won,1
Kedah,P.016 Baling,4,Hassan Bin Saad,USTAZ HASSAN,65,male,bumiputera,PERIKATAN NASIONAL (PN),64493,1,won,1
Kedah,P.017 Padang Serai,4,Azman Bin Nasrudin,DATO' CIKGU AZMAN,50,male,bumiputera,PERIKATAN NASIONAL (PN),51637,1,won,1
Kedah,P.018 Kulim-Bandar Baharu,2,Roslan Bin Hashim,CIKGU ROSLAN HASHIM,55,male,bumiputera,PERIKATAN NASIONAL (PN),34469,1,won,1
Kelantan,P.019 Tumpat,2,Mumtaz Binti Md Nawi,DATO' KAK TAZ,50,female,bumiputera,PARTI ISLAM SE MALAYSIA (PAS),65426,1,won,1
Kelantan,P.020 Pengkalan Chepa,4,Ahmad Marzuk Bin Shaary,DATUK MARZUK,46,male,bumiputera,PARTI ISLAM SE MALAYSIA (PAS),53933,1,won,0
Kelantan,P.021 Kota Bharu,1,Takiyuddin Bin Hassan,DATUK SERI TAKIYUDDIN,61,male,bumiputera,PARTI ISLAM SE MALAYSIA (PAS),41869,1,won,0
Kelantan,P.022 Pasir Mas,2,Ahmad Fadhli Bin Shaari,USTAZ FADHLI SHAARI,42,male,bumiputera,PARTI ISLAM SE MALAYSIA (PAS),44444,1,won,0
Kelantan,P.023 Rantau Panjang,2,Siti Zailah Binti Mohd Yusoff,KAK LAH,59,female,bumiputera,PARTI ISLAM SE MALAYSIA (PAS),37759,1,won,0
Kelantan,P.024 Kubang Kerian,4,Tuan Ibharim Bin Tuan Man,USTAZ DATO' TUAN IBRAHIM,62,male,bumiputera,PARTI ISLAM SE MALAYSIA (PAS),55654,1,won,0
Kelantan,P.025 Bachok,1,Mohd Syahir Bin Che Sulaiman,SYAHIR SULAIMAN,39,male,bumiputera,PARTI ISLAM SE MALAYSIA (PAS),57130,1,won,1
Kelantan,P.026 Ketereh,3,Khlir Bin Mohd Nor,MEJ JEN DATO HJ KHLIR (B),64,male,bumiputera,PARTI ISLAM SE MALAYSIA (PAS),40542,1,won,1
Kelantan,P.027 Tanah Merah,5,Ikmal Hisham Bin Abdul Aziz,DATO' SRI IKMAL HISHAM,57,male,bumiputera,PARTI ISLAM SE MALAYSIA (PAS),54266,1,won,0
Kelantan,P.028 Pasir Puteh,4,Nik Muhammad Zawawi Bin Salleh,USTAZ NIK ZAWAWI,55,male,bumiputera,PARTI ISLAM SE MALAYSIA (PAS),52937,1,won,0
Kelantan,P.029 Machang,3,Wan Ahmad Fayhsal Bin Wan Ahmad Kamal,WAN AHMAD FAYHSAL,35,male,bumiputera,PARTI ISLAM SE MALAYSIA (PAS),35603,1,won,1
Kelantan,P.030 Jeli,2,Zahari Bin Kechik,POK ZAHARI,62,male,bumiputera,PARTI ISLAM SE MALAYSIA (PAS),27072,1,won,1
Kelantan,P.031 Kuala Krai,1,Abdul Latiff Bin Abdul Rahman,USTAZ LATIFF,51,male,bumiputera,PARTI ISLAM SE MALAYSIA (PAS),42740,1,won,0
Kelantan,P.032 Gua Musang,2,Mohd Azizi Bin Abu Naim,MOHD AZIZI ABU NAIM,50,male,bumiputera,PARTI ISLAM SE MALAYSIA (PAS),21826,1,won,1
Terengganu,P.033 Besut,1,Che Mohamad Zulkifly Bin Jusoh,DATUK ABE ZUL,63,male,bumiputera,PARTI ISLAM SE MALAYSIA (PAS),49569,1,won,0
Terengganu,P.034 Setiu,2,Shaharizukirnain Bin Abd Kadir,USTAZ ZUKIRNAIN ABD KADIR,53,male,bumiputera,PARTI ISLAM SE MALAYSIA (PAS),50768,1,won,0
Terengganu,P.035 Kuala Nerus,1,Alias Bin Razak,DATO' DR. HAJI ALIAS RAZAK,63,male,bumiputera,PARTI ISLAM SE MALAYSIA (PAS),56697,1,won,1
Terengganu,P.036 Kuala Terengganu,4,Ahmad Amzad Bin Mohamed @ Hashim,DATUK HAJI AMZAD HASHIM,52,male,bumiputera,PARTI ISLAM SE MALAYSIA (PAS),63016,1,won,0
Terengganu,P.037 Marang,1,Abdul Hadi Bin Awang,TUAN GURU HAJI ABDUL HADI AWANG,75,male,bumiputera,PARTI ISLAM SE MALAYSIA (PAS),73115,1,won,0
Terengganu,P.038 Hulu Terengganu,3,Rosol Bin Wahid,DATO ROSOL WAHID,58,male,bumiputera,PARTI ISLAM SE MALAYSIA (PAS),42910,1,won,0
Terengganu,P.039 Dungun,5,Wan Hassan Bin Mohd Ramli,USTAZ HAJI WAN HASSAN,65,male,bumiputera,PARTI ISLAM SE MALAYSIA (PAS),59720,1,won,0
Terengganu,P.040 Kemaman,2,Che Alias Bin Hamid,USTAZ CHE ALIAS HAMID,51,male,bumiputera,PARTI ISLAM SE MALAYSIA (PAS),65714,1,won,1
Pulau Pinang,P.041 Kepala Batas,2,Siti Mastura Binti Muhammad,DR USTAZAH MASTURA,33,female,bumiputera,PERIKATAN NASIONAL (PN),28604,1,won,1
Pulau Pinang,P.042 Tasek Gelugor,5,Wan Saifulruddin Bin Wan Jan,DATUK WAN SAIFUL WAN JAN,47,male,bumiputera,PERIKATAN NASIONAL (PN),31116,1,won,1
Pulau Pinang,P.043 Bagan,2,Lim Guan Eng,LIM GUAN ENG,61,male,chinese,PAKATAN HARAPAN (PH),55797,1,won,0
Pulau Pinang,P.044 Permatang Pauh,2,Muhammad Fawwaz Bin Mohamad Jan,UST FAWWAZ MD JAN,39,male,bumiputera,PERIKATAN NASIONAL (PN),37638,1,won,1
Pulau Pinang,P.045 Bukit Mertajam,1,Sim Chee Keong,STEVEN SIM CHEE KEONG,40,male,chinese,PAKATAN HARAPAN (PH),71722,1,won,0
Pulau Pinang,P.046 Batu Kawan,2,Chow Kon Yeow,CHOW KON YEOW,64,male,chinese,PAKATAN HARAPAN (PH),50744,1,won,0
Pulau Pinang,P.047 Nibong Tebal,1,Fadhlina Binti Sidek,FADHLINA BINTI SIDEK,45,female,bumiputera,PAKATAN HARAPAN (PH),42188,1,won,1
Pulau Pinang,P.048 Bukit Bendera,1,Syerleena Binti Abdul Rashid,SYERLEENA ABDUL RASHID,42,female,bumiputera,PAKATAN HARAPAN (PH),49353,1,won,1
Pulau Pinang,P.049 Tanjong,1,Lim Hui Ying,LIM HUI YING,59,female,chinese,PAKATAN HARAPAN (PH),31968,1,won,1
Pulau Pinang,P.050 Jelutong,1,Sanisvara Nethaji Rayer A/L Rajaji,SANISVARA NETHAJI RAYER (RSN RAYER),51,male,indian,PAKATAN HARAPAN (PH),50369,1,won,0
Pulau Pinang,P.051 Bukit Gelugor,2,Ramkarpal Singh A/L Karpal Singh,RAMKARPAL SINGH,46,male,other,PAKATAN HARAPAN (PH),71204,1,won,0
Pulau Pinang,P.052 Bayan Baru,5,Sim Tze Tzin,SIM TZE TZIN,46,male,chinese,PAKATAN HARAPAN (PH),55209,1,won,0
Pulau Pinang,P.053 Balik Pulau,2,Muhammad Bakhtiar Bin Wan Chik,MUHAMMAD BAKHTIAR BIN WAN CHIK,57,male,bumiputera,PAKATAN HARAPAN (PH),24564,1,won,0
Perak,P.054 Gerik,2,Fathul Huzir Bin Ayob,FATHUL HUZIR AYOB,39,male,bumiputera,PERIKATAN NASIONAL (PN),15105,1,won,1
Perak,P.055 Lenggong,1,Shamsul Anuar Bin Nasarah,DR SHAMSUL ANUAR NASARAH,55,male,bumiputera,BARISAN NASIONAL (BN),12588,1,won,0
Perak,P.056 Larut,4,Hamzah Bin Zainudin,DATO SERI HAMZAH ZAINUDIN,65,male,bumiputera,PERIKATAN NASIONAL (PN),28350,1,won,0
Perak,P.057 Parit Buntar,4,Mohd Misbahul Munir Bin Masduki,USTAZ MISBAH,59,male,bumiputera,PERIKATAN NASIONAL (PN),23223,1,won,1
Perak,P.058 Bagan Serai,1,Idris Bin Ahmad,DATUK USTAZ IDRIS,59,male,bumiputera,PERIKATAN NASIONAL (PN),33753,1,won,0
Perak,P.059 Bukit Gantang,1,Syed Abu Hussin Bin Hafiz Syed Abdul Fasal,DATO' SYED ABU HUSSIN,62,male,bumiputera,PERIKATAN NASIONAL (PN),32625,1,won,0
Perak,P.060 Taiping,3,Wong Kah Woh,WONG KAH WOH,42,male,chinese,PAKATAN HARAPAN (PH),47098,1,won,0
Perak,P.061 Padang Rengas,1,Azahari Bin Hasan,KAPTEN AZAHARI,48,male,bumiputera,PERIKATAN NASIONAL (PN),12931,1,won,1
Perak,P.062 Sungai Siput,4,Kesavan A/L Subramaniam,S. KESAVAN,50,male,indian,PAKATAN HARAPAN (PH),21637,1,won,0
Perak,P.063 Tambun,1,Anwar Bin Ibrahim,ANWAR IBRAHIM,75,male,bumiputera,PAKATAN HARAPAN (PH),49625,1,won,0
Perak,P.064 Ipoh Timor,3,Lee Chuan How,HOWARD LEE CHUAN HOW,39,male,chinese,PAKATAN HARAPAN (PH),57549,1,won,1
Perak,P.065 Ipoh Barat,2,M.Kulasegaran A/L V.Murugeson,M. KULA,65,male,indian,PAKATAN HARAPAN (PH),63915,1,won,0
Perak,P.066 Batu Gajah,2,Sivakumar A/L Varatharaju Naidu,V. SIVAKUMAR,51,male,indian,PAKATAN HARAPAN (PH),60999,1,won,0
Perak,P.067 Kuala Kangsar,1,Iskandar Dzulkarnain Bin Abdul Khalid,ISKANDAR DZULKARNAIN,46,male,bumiputera,PERIKATAN NASIONAL (PN),14380,1,won,1
Perak,P.068 Beruas,1,Ngeh Koo Ham,DATO' NGEH KOO HAM,61,male,chinese,PAKATAN HARAPAN (PH),46710,1,won,0
Perak,P.069 Parit,1,Muhammad Ismi Bin Mat Taib,USTAZ ISMI,48,male,bumiputera,PERIKATAN NASIONAL (PN),17181,1,won,1
Perak,P.070 Kampar,3,Chong Zhemin,CHONG ZHEMIN,37,male,chinese,PAKATAN HARAPAN (PH),30467,1,won,1
Perak,P.071 Gopeng,3,Tan Kar Hing,TAN KAR HING,40,male,chinese,PAKATAN HARAPAN (PH),55880,1,won,1
Perak,P.072 Tapah,4,Saravanan A/L Murugan,DATUK SERI M. SARAVANAN,54,male,indian,BARISAN NASIONAL (BN),18398,1,won,0
Perak,P.073 Pasir Salak,3,Jamaludin Bin Yahya,USTAZ JAMALUDIN BIN YAHYA,51,male,bumiputera,PERIKATAN NASIONAL (PN),24897,1,won,1
Perak,P.074 Lumut,3,Nordin Bin Ahmad Ismail,KOMANDER (B) NORDIN,57,male,bumiputera,PERIKATAN NASIONAL (PN),25212,1,won,1
Perak,P.075 Bagan Datuk,4,Ahmad Zahid Bin Hamidi,ZAHID HAMIDI,69,male,bumiputera,BARISAN NASIONAL (BN),16578,1,won,0
Perak,P.076 Teluk Intan,1,Nga Kor Ming,NGA KOR MING,50,male,chinese,PAKATAN HARAPAN (PH),33133,1,won,0
Perak,P.077 Tanjong Malim,3,Chang Lih Kang,CHANG LIH KANG,42,male,chinese,PAKATAN HARAPAN (PH),25140,1,won,0
Pahang,P.078 Cameron Highlands,1,Ramli Bin Mohd Nor,DATO' RAMLI BIN MOHD NOR,64,male,bumiputera,BARISAN NASIONAL (BN),16120,1,won,1
Pahang,P.079 Lipis,4,Abdul Rahman Bin Mohamad,DATO SRI ABDUL RAHMAN BIN MOHAMAD,60,male,bumiputera,BARISAN NASIONAL (BN),17672,1,won,0
Pahang,P.080 Raub,1,Chow Yu Hui,CHOW YU HUI,39,male,chinese,PAKATAN HARAPAN (PH),21613,1,won,1
Pahang,P.081 Jerantut,3,Khairil Nizam Bin Khirudin,IR. HAJI KHAIRIL,43,male,bumiputera,PERIKATAN NASIONAL (PN),31701,1,won,1
Pahang,P.082 Indera Mahkota,2,Saifuddin Bin Abdullah,DATO' SRI SAIFUDDIN ABDULLAH,61,male,bumiputera,PERIKATAN NASIONAL (PN),41692,1,won,0
Pahang,P.083 Kuantan,3,Wan Razali Bin Wan Nor,WAN RAZALI WAN NOR,41,male,bumiputera,PERIKATAN NASIONAL (PN),25514,1,won,1
Pahang,P.084 Paya Besar,4,Mohd Shahar Bin Abdullah,DATO' INDERA MOHD SHAHAR BIN ABDULLAH,42,male,bumiputera,BARISAN NASIONAL (BN),26899,1,won,0
Pahang,P.085 Pekan,1,Sh Mohmed Puzi Bin Sh Ali,SH MOHMED PUZI BIN SH ALI,65,male,bumiputera,BARISAN NASIONAL (BN),47418,1,won,1
Pahang,P.086 Maran,3,Ismail Bin Abd. Muttalib,DATO SRI DR HJ ISMAIL B HJ ABD MUTTALIB,68,male,bumiputera,PERIKATAN NASIONAL (PN),19600,1,won,0
Pahang,P.087 Kuala Krau,2,Kamal Bin Ashaari,USTAZ HAJI KAMAL BIN ASHAARI,52,male,bumiputera,PERIKATAN NASIONAL (PN),22505,1,won,1
Pahang,P.088 Temerloh,2,Salamiah Binti Mohd Nor,HJH SALAMIAH MOHD NOR,58,female,bumiputera,PERIKATAN NASIONAL (PN),30929,1,won,1
Pahang,P.089 Bentong,2,Young Syefura Binti Othman,YOUNG SYEFURA BINTI OTHMAN,33,female,bumiputera,PAKATAN HARAPAN (PH),25075,1,won,1
Pahang,P.090 Bera,2,Ismail Sabri Bin Yaakob,ISMAIL SABRI BIN YAAKOB,62,male,bumiputera,BARISAN NASIONAL (BN),31762,1,won,0
Pahang,P.091 Rompin,3,Abdul Khalib Bin Abdullah,DATO' KHALIB,63,male,bumiputera,PERIKATAN NASIONAL (PN),31589,1,won,1
Selangor,P.092 Sabak Bernam,3,Kalam Bin Salan,CIKGU KALAM BIN SALAN,57,male,bumiputera,PERIKATAN NASIONAL (PN),17973,1,won,1
Selangor,P.093 Sungai Besar,3,Muslimin Bin Yahaya,CIKGU MUSLIMIN YAHAYA,55,male,bumiputera,PERIKATAN NASIONAL (PN),19791,1,won,0
Selangor,P.094 Hulu Selangor,6,Mohd Hasnizan Bin Harun,HASNIZAN HARUN,52,male,bumiputera,PERIKATAN NASIONAL (PN),46823,1,won,1
Selangor,P.095 Tanjong Karang,3,Zulkafperi Bin Hanapi,KAPT (B) DATO DR ZULKAFPERI,63,male,bumiputera,PERIKATAN NASIONAL (PN),18054,1,won,1
Selangor,P.096 Kuala Selangor,3,Dzulkefly Bin Ahmad,DS DR DZULKEFLY BIN AHMAD,66,male,bumiputera,PAKATAN HARAPAN (PH),31033,1,won,0
Selangor,P.097 Selayang,5,William Leong Jee Keen,WILLIAM LEONG JEE KEEN,65,male,chinese,PAKATAN HARAPAN (PH),72773,1,won,0
Selangor,P.098 Gombak,2,Amirudin Bin Shari,AMIRUDIN SHARI,42,male,bumiputera,PAKATAN HARAPAN (PH),72267,1,won,1
Selangor,P.099 Ampang,1,Rodziah Binti Ismail,RODZIAH ISMAIL,58,female,bumiputera,PAKATAN HARAPAN (PH),56754,1,won,1
Selangor,P.100 Pandan,1,Mohd Rafizi Bin Ramli,RAFIZI RAMLI,45,male,bumiputera,PAKATAN HARAPAN (PH),74002,1,won,0
Selangor,P.101 Hulu Langat,1,Mohd Sany Bin Hamzan,YB MOHD SANY HAMZAN,45,male,bumiputera,PAKATAN HARAPAN (PH),58382,1,won,1
Selangor,P.102 Bangi,7,Syahredzan Bin Johan,SYAHREDZAN BIN JOHAN,39,male,bumiputera,PAKATAN HARAPAN (PH),141568,1,won,1
Selangor,P.103 Puchong,1,Yeo Bee Yin,YEO BEE YIN,39,female,chinese,PAKATAN HARAPAN (PH),79425,1,won,0
Selangor,P.104 Subang,3,Wong Chen,WONG CHEN,53,male,chinese,PAKATAN HARAPAN (PH),138259,1,won,0
Selangor,P.105 Petaling Jaya,6,Lee Chean Chung,LEE CHEAN CHUNG,41,male,chinese,PAKATAN HARAPAN (PH),83311,1,won,1
Selangor,P.106 Damansara,1,Gobind Singh Deo,GOBIND SINGH DEO,49,male,other,PAKATAN HARAPAN (PH),142875,1,won,0
Selangor,P.107 Sungai Buloh,6,Ramanan Ramakrishnan,RAMANAN RAMAKRISHNAN,41,male,indian,PAKATAN HARAPAN (PH),50943,1,won,1
Selangor,P.108 Shah Alam,1,Azli Bin Yusof,AZLI YUSOF,55,male,bumiputera,PAKATAN HARAPAN (PH),61409,1,won,1
Selangor,P.109 Kapar,4,Halimah Ali,DR HALIMAH ALI,62,female,bumiputera,PERIKATAN NASIONAL (PN),65751,1,won,1
Selangor,P.110 Klang,6,Ganabatirau A/L Veraman,GANABATIRAU A/L VERAMAN,49,male,bumiputera,PAKATAN HARAPAN (PH),115539,1,won,1
Selangor,P.111 Kota Raja,5,Mohamad Bin Sabu,MOHD SABU,68,male,bumiputera,PAKATAN HARAPAN (PH),123306,1,won,0
Selangor,P.112 Kuala Langat,4,Ahmad Yunus Bin Hairi,DR AHMAD YUNUS HAIRI,57,male,bumiputera,PERIKATAN NASIONAL (PN),52867,1,won,1
Selangor,P.113 Sepang,4,Raj Munni Binti Sabu,AIMAN ATHIRAH,50,female,bumiputera,PAKATAN HARAPAN (PH),56264,1,won,1
W.P. Kuala Lumpur,P.114 Kepong,4,Lim Lip Eng,LIM LIP ENG,50,male,chinese,PAKATAN HARAPAN (PH),64308,1,won,0
W.P. Kuala Lumpur,P.115 Batu,3,Prabakaran A/L M Parameswaran,PRABAKARAN PARAMESWARAN,26,male,indian,PAKATAN HARAPAN (PH),45716,1,won,0
W.P. Kuala Lumpur,P.116 Wangsa Maju,1,Zahir Bin Hassan,ZAHIR HASSAN,63,male,bumiputera,PAKATAN HARAPAN (PH),46031,1,won,1
W.P. Kuala Lumpur,P.117 Segambut,3,Yeoh Tseow Suan,HANNAH YEOH,43,female,chinese,PAKATAN HARAPAN (PH),68438,1,won,0
W.P. Kuala Lumpur,P.118 Setiawangsa,1,Nik Nazmi Bin Nik Ahmad,NIK NAZMI NIK AHMAD,40,male,bumiputera,PAKATAN HARAPAN (PH),34434,1,won,0
W.P. Kuala Lumpur,P.119 Titiwangsa,4,Johari Bin Abdul Ghani,DATUK SERI JOHARI GHANI,58,male,bumiputera,BARISAN NASIONAL (BN),25042,1,won,0
W.P. Kuala Lumpur,P.120 Bukit Bintang,2,Fong Kui Lun,FONG KUI LUN,76,male,chinese,PAKATAN HARAPAN (PH),43827,1,won,0
W.P. Kuala Lumpur,P.121 Lembah Pantai,3,Ahmad Fahmi Bin Mohamed Fadzil,FAHMI FADZIL,41,male,bumiputera,PAKATAN HARAPAN (PH),35359,1,won,0
W.P. Kuala Lumpur,P.122 Seputeh,4,Teresa Kok Suh Sim,TERESA KOK,58,female,chinese,PAKATAN HARAPAN (PH),73234,1,won,0
W.P. Kuala Lumpur,P.123 Cheras,1,Tan Kok Wai,TAN KOK WAI,65,male,chinese,PAKATAN HARAPAN (PH),60294,1,won,0
W.P. Kuala Lumpur,P.124 Bandar Tun Razak,1,Wan Azizah Binti Wan Ismail,DATO' SERI DR WAN AZIZAH BINTI WAN ISMAIL,70,female,bumiputera,PAKATAN HARAPAN (PH),43476,1,won,0
W.P. Putrajaya,P.125 Putrajaya,5,Mohd Radzi Bin Md Jidin,DR. RADZI JIDIN (DRJ),45,male,bumiputera,PERIKATAN NASIONAL (PN),16002,1,won,1
Negeri Sembilan,P.126 Jelebu,2,Jalaluddin Bin Alias,JALALUDDIN BIN ALIAS,59,male,bumiputera,BARISAN NASIONAL (BN),21805,1,won,0
Negeri Sembilan,P.127 Jempol,3,Shamshulkahar Bin Mohd Deli,DATO' HAJI SHAMSHULKAHAR BIN HAJI MOHD DELI,61,male,bumiputera,BARISAN NASIONAL (BN),30138,1,won,1
Negeri Sembilan,P.128 Seremban,1,Loke Siew Fook,LOKE SIEW FOOK,45,male,chinese,PAKATAN HARAPAN (PH),63916,1,won,0
Negeri Sembilan,P.129 Kuala Pilah,5,Adnan Bin Abu Hassan,DATO' HJ ADNAN HJ ABU HASSAN,52,male,bumiputera,BARISAN NASIONAL (BN),21423,1,won,1
Negeri Sembilan,P.130 Rasah,3,Cha Kee Chin,CHA KEE CHIN,48,male,chinese,PAKATAN HARAPAN (PH),81434,1,won,0
Negeri Sembilan,P.131 Rembau,2,Mohamad Bin Haji Hasan,TOK MAT,66,male,bumiputera,BARISAN NASIONAL (BN),53075,1,won,1
Negeri Sembilan,P.132 Port Dickson,5,Aminuddin Bin Harun,DATO' SERI AMINUDDIN BIN HARUN,55,male,bumiputera,PAKATAN HARAPAN (PH),42013,1,won,1
Negeri Sembilan,P.133 Tampin,1,Mohd Isam Bin Mohd Isa,MOHD ISAM BIN MOHD ISA,53,male,bumiputera,BARISAN NASIONAL (BN),23283,1,won,1
Melaka,P.134 Masjid Tanah,2,Mas Ermieyati Binti Samsudin,MAS ERMIEYATI,46,female,bumiputera,PERIKATAN NASIONAL (PN),25604,1,won,0
Melaka,P.135 Alor Gajah,2,Adly Bin Zahari,ADLY ZAHARI,51,male,bumiputera,PAKATAN HARAPAN (PH),28178,1,won,1
Melaka,P.136 Tangga Batu,3,Bakri Bin Jamaluddin,BAKRI JAMALUDDIN,57,male,bumiputera,PERIKATAN NASIONAL (PN),37406,1,won,1
Melaka,P.137 Hang Tuah Jaya,1,Adam Adli Bin Abd Halim,ADAM ADLI,33,male,bumiputera,PAKATAN HARAPAN (PH),39418,1,won,1
Melaka,P.138 Kota Melaka,1,Khoo Poay Tiong,KHOO POAY TIONG,51,male,chinese,PAKATAN HARAPAN (PH),73995,1,won,0
Melaka,P.139 Jasin,4,Zulkifli Bin Ismail,TUAN GURU ZULKIFLI ISMAIL,56,male,bumiputera,PERIKATAN NASIONAL (PN),27893,1,won,1
Johor,P.140 Segamat,3,Yuneswaran A/L Ramaraj,R. YUNESWARAN,36,male,indian,PAKATAN HARAPAN (PH),23437,1,won,1
Johor,P.141 Sekijang,4,Zaliha Binti Mustafa,DR. ZALIHA MUSTAFA,58,female,bumiputera,PAKATAN HARAPAN (PH),18941,1,won,1
Johor,P.142 Labis,2,Pang Hok Liong,PANG HOK LIONG,65,male,chinese,PAKATAN HARAPAN (PH),16133,1,won,0
Johor,P.143 Pagoh,2,Mahiaddin Bin Md Yasin,TAN SRI MUHYIDDIN BIN MD YASIN,75,male,bumiputera,PERIKATAN NASIONAL (PN),24986,1,won,0
Johor,P.144 Ledang,1,Syed Ibrahim Bin Syed Noh,SYED IBRAHIM SYED NOH,58,male,bumiputera,PAKATAN HARAPAN (PH),33650,1,won,0
Johor,P.145 Bakri,3,Tan Hong Pin,TAN HONG PIN,41,male,chinese,PAKATAN HARAPAN (PH),36636,1,won,1
Johor,P.146 Muar,3,Syed Saddiq Bin Syed Abdul Rahman,SYED SADDIQ,29,male,bumiputera,IKATAN DEMOKRATIK MALAYSIA (MUDA),19961,1,won,0
Johor,P.147 Parit Sulong,1,Noraini Binti Ahmad,NORAINI AHMAD,55,female,bumiputera,BARISAN NASIONAL (BN),25740,1,won,0
Johor,P.148 Ayer Hitam,1,Wee Ka Siong,WEE KA SIONG,54,male,chinese,BARISAN NASIONAL (BN),18911,1,won,0
Johor,P.149 Sri Gading,1,Aminolhuda Bin Hassan,CIKGU HUDA,63,male,bumiputera,PAKATAN HARAPAN (PH),23242,1,won,1
Johor,P.150 Batu Pahat,1,Onn Bin Abu Bakar,ONN BIN ABU BAKAR,59,male,bumiputera,PAKATAN HARAPAN (PH),45242,1,won,1
Johor,P.151 Simpang Renggam,4,Hasni Bin Mohammad,HASNI BIN MOHAMMAD,63,male,bumiputera,BARISAN NASIONAL (BN),18312,1,won,1
Johor,P.152 Kluang,2,Wong Shu Qi,WONG SHU QI,39,female,bumiputera,PAKATAN HARAPAN (PH),49801,1,won,0
Johor,P.153 Sembrong,1,Hishammuddin Bin Datuk Hussein,HISHAMMUDDIN HUSSEIN,61,male,bumiputera,BARISAN NASIONAL (BN),22572,1,won,0
Johor,P.154 Mersing,3,Muhammad Islahuddin Bin Abas,ISLAHUDDIN ABAS,34,male,bumiputera,PERIKATAN NASIONAL (PN),21066,1,won,1
Johor,P.155 Tenggara,1,Manndzri Bin Nasib,MANNDZRI BIN NASIB,42,male,bumiputera,BARISAN NASIONAL (BN),21185,1,won,1
Johor,P.156 Kota Tinggi,1,Mohamed Khaled Bin Nordin,KHALED NORDIN,64,male,bumiputera,BARISAN NASIONAL (BN),25410,1,won,0
Johor,P.157 Pengerang,2,Azalina Binti Othman,AZALINA OTHMAN SAID,58,female,bumiputera,BARISAN NASIONAL (BN),21738,1,won,0
Johor,P.158 Tebrau,1,Jimmy Puah Wee Tse,JIMMY PUAH WEE TSE,46,male,chinese,PAKATAN HARAPAN (PH),83959,1,won,1
Johor,P.159 Pasir Gudang,2,Hassan Bin Abdul Karim,HASSAN ABDUL KARIM,71,male,bumiputera,PAKATAN HARAPAN (PH),71233,1,won,0
Johor,P.160 Johor Bahru,4,Akmal Nasrullah Bin Mohd Nasir,AKMAL NASIR,36,male,bumiputera,PAKATAN HARAPAN (PH),43252,1,won,0
Johor,P.161 Pulai,3,Salahuddin Bin Ayub,DATUK SERI SALAHUDDIN AYUB,61,male,bumiputera,PAKATAN HARAPAN (PH),64900,1,won,0
Johor,P.162 Iskandar Puteri,3,Liew Chin Tong,LIEW CHIN TONG,45,male,chinese,PAKATAN HARAPAN (PH),96819,1,won,0
Johor,P.163 Kulai,2,Teo Nie Ching,TEO NIE CHING,41,female,chinese,PAKATAN HARAPAN (PH),65529,1,won,0
Johor,P.164 Pontian,2,Ahmad Bin Maslan,DATUK SERI AHMAD MASLAN,56,male,bumiputera,BARISAN NASIONAL (BN),23201,1,won,0
Johor,P.165 Tanjung Piai,2,Wee Jeck Seng,WEE JECK SENG,58,male,chinese,BARISAN NASIONAL (BN),23593,1,won,0
W.P. Labuan,P.166 Labuan,2,Suhaili Bin Abdul Rahman,DATO' DR. SUHAILI ABDUL RAHMAN,61,male,bumiputera,PERIKATAN NASIONAL (PN),8124,1,won,1
Sabah,P.167 Kudat,4,Verdon Bin Bahanda,VERDON BIN BAHANDA,49,male,bumiputera,BEBAS (BEBAS),16323,1,won,1
Sabah,P.168 Kota Marudu,6,Wetrom Bin Bahanda, DATUK WETROM BAHANDA,52,male,bumiputera,PARTI KESEJAHTERAAN DEMOKRATIK MASYARAKAT (KDM),24318,1,won,1
Sabah,P.169 Kota Belud,3,Isnaraissah Munirah Bt Majilis@Fakharudy,MUNIRAH MAJILIS,40,female,bumiputera,PARTI WARISAN SABAH (WARISAN),25148,1,won,0
Sabah,P.170 Tuaran,1,Madius Bin Tangau,MADIUS TANGAU,64,male,bumiputera,PAKATAN HARAPAN (PH),24943,1,won,0
Sabah,P.171 Sepanggar,4,Mustapha @ Mohd Yunus Bin Sakmud,MUSTAPHA SAKMUD,53,male,bumiputera,PAKATAN HARAPAN (PH),27022,1,won,1
Sabah,P.172 Kota Kinabalu,4,Chan Foong Hin,CHAN FOONG HIN,43,male,chinese,PAKATAN HARAPAN (PH),31359,1,won,0
Sabah,P.173 Putatan,2,Shahelmey Bin Yahya,SHAHELMEY BIN YAHYA,49,male,bumiputera,BARISAN NASIONAL (BN),16234,1,won,1
Sabah,P.174 Penampang,1,Ewon Benedick,EWON BENEDICK,39,male,bumiputera,PAKATAN HARAPAN (PH),29066,1,won,1
Sabah,P.175 Papar,6,Armizan Bin Mohd Ali,DATUK ARMIZAN BIN MOHD ALI,46,male,bumiputera,PARTI GABUNGAN RAKYAT SABAH (GRS),22620,1,won,1
Sabah,P.176 Kimanis,1,Mohamad Bin Alamin,MOHAMAD BIN ALAMIN,50,male,bumiputera,BARISAN NASIONAL (BN),13004,1,won,1
Sabah,P.177 Beaufort,5,Siti Aminah Binti Aching,DATUK SITI AMINAH BINTI ACHING,60,female,bumiputera,BARISAN NASIONAL (BN),10570,1,won,1
Sabah,P.178 Sipitang,1,Matbali Bin Musah,DATUK MATBALI BIN MUSAH,53,male,bumiputera,PARTI GABUNGAN RAKYAT SABAH (GRS),14459,1,won,1
Sabah,P.179 Ranau,2,Jonathan Bin Yasin,JONATHAN YASIN,55,male,bumiputera,PARTI GABUNGAN RAKYAT SABAH (GRS),22606,1,won,0
Sabah,P.180 Keningau,3,Gapari Bin Katingan @ Geoffrey Kitingan,DATUK SERI PANGLIMA DR.JEFFREY G.KITINGAN,75,male,bumiputera,PARTI GABUNGAN RAKYAT SABAH (GRS),23155,1,won,0
Sabah,P.181 Tenom,3,Riduan Bin Rubin,RIDUAN BIN RUBIN,35,male,bumiputera,BEBAS (BEBAS),10027,1,won,1
Sabah,P.182 Pensiangan,5,Arthur Joseph Kurup,DATUK ARTHUR JOSEPH KURUP,40,male,bumiputera,BARISAN NASIONAL (BN),19623,1,won,0
Sabah,P.183 Beluran,4,Ronald Kiandee,RONALD KIANDEE,61,male,bumiputera,PERIKATAN NASIONAL (PN),11303,1,won,0
Sabah,P.184 Libaran,6,Suhaimi Bin Nasir,SUHAIMI BIN NASIR,54,male,bumiputera,BARISAN NASIONAL (BN),22969,1,won,1
Sabah,P.185 Batu Sapi,5,Khairul Firdaus Bin Akbar Khan,KHAIRUL FIRDAUS AKBAR KHAN,39,male,bumiputera,PARTI GABUNGAN RAKYAT SABAH (GRS),12152,1,won,1
Sabah,P.186 Sandakan,4,Vivian Wong Shir Yee,VIVIAN WONG SHIR YEE,33,female,chinese,PAKATAN HARAPAN (PH),16673,1,won,1
Sabah,P.187 Kinabatangan,2,Moktar Bin Radin,BUNG MOKTAR BIN RADIN,63,male,bumiputera,BARISAN NASIONAL (BN),16842,1,won,0
Sabah,P.188 Lahad Datu,2,Mohammad Yusof Bin Bin Apdal,DATO' HJ MOHAMMAD YUSOF BIN APDAL,62,male,bumiputera,PARTI WARISAN SABAH (WARISAN),27116,1,won,1
Sabah,P.189 Semporna,2,Mohd Shafie Bin Apdal,MOHD SHAFIE APDAL,65,male,bumiputera,PARTI WARISAN SABAH (WARISAN),28702,1,won,0
Sabah,P.190 Tawau,6,Lo Su Fui,LO SU FUI,41,male,chinese,PARTI GABUNGAN RAKYAT SABAH (GRS),19865,1,won,1
Sabah,P.191 Kalabakan,2,Andi Muhammad Suryady Bin Bandy,ANDI MUHAMMAD SURYADY BIN BANDY,41,male,bumiputera,BARISAN NASIONAL (BN),23855,1,won,1
Sarawak,P.192 Mas Gading,3,Mordi Anak Bimol,MORDI ANAK BIMOL,37,male,bumiputera,PARTI TINDAKAN DEMOKRATIK (DAP),17274,1,won,0
Sarawak,P.193 Santubong,1,Nancy Binti Shukri,NANCY SHUKRI,61,female,bumiputera,GABUNGAN PARTI SARAWAK (GPS),43739,1,won,0
Sarawak,P.194 Petra Jaya,1,Fadillah Bin Yusof,FADILLAH BIN YUSOF,60,male,bumiputera,GABUNGAN PARTI SARAWAK (GPS),54745,1,won,0
Sarawak,P.195 Bandar Kuching,3,Kelvin Yii Lee Wuen,KELVIN YII LEE WUEN,36,male,chinese,PARTI TINDAKAN DEMOKRATIK (DAP),45353,1,won,0
Sarawak,P.196 Stampin,1,Chong Chieng Jen,CHONG CHIENG JEN,51,male,chinese,PARTI TINDAKAN DEMOKRATIK (DAP),39310,1,won,0
Sarawak,P.197 Kota Samarahan,1,Rubiah Binti Wang,DATUK HJH RUBIAH BINTI WANG,54,female,bumiputera,GABUNGAN PARTI SARAWAK (GPS),42278,1,won,0
Sarawak,P.198 Puncak Borneo,1,Willie Anak Mongin,WILLIE ANAK MONGIN,47,male,bumiputera,GABUNGAN PARTI SARAWAK (GPS),29457,1,won,0
Sarawak,P.199 Serian,2,Richard Riot Anak Jaem,DATO' SRI RICHARD RIOT ANAK JAEM,71,male,bumiputera,GABUNGAN PARTI SARAWAK (GPS),22876,1,won,0
Sarawak,P.200 Batang Sadong,1,Rodiyah Binti Sapiee,RODIYAH BINTI SAPIEE,44,female,bumiputera,GABUNGAN PARTI SARAWAK (GPS),18668,1,won,1
Sarawak,P.201 Batang Lupar,1,Mohamad Shafizan Haji Kepli,MOHAMAD SHAFIZAN,37,male,bumiputera,GABUNGAN PARTI SARAWAK (GPS),19627,1,won,1
Sarawak,P.202 Sri Aman,1,Doris Sophia Anak Brodi,DORIS SOPHIA ANAK BRODI,62,female,bumiputera,GABUNGAN PARTI SARAWAK (GPS),14131,1,won,1
Sarawak,P.203 Lubok Antu,3,Roy Angau Anak Gingkoi,ROY ANGAU ANAK GINGKOI,43,male,bumiputera,GABUNGAN PARTI SARAWAK (GPS),6644,1,won,1
Sarawak,P.204 Betong,3,Richard Rapu @ Aman Anak Begri,DR. RICHARD RAPU,58,male,bumiputera,GABUNGAN PARTI SARAWAK (GPS),16479,1,won,1
Sarawak,P.205 Saratok,2,Ali Anak Biju,DATUK ALI BIJU,54,male,bumiputera,PERIKATAN NASIONAL (PN),19223,1,won,0
Sarawak,P.206 Tanjong Manis,1,Yusuf Bin Abd Wahab,IR. YUSUF ABD WAHAB,58,male,bumiputera,GABUNGAN PARTI SARAWAK (GPS),16474,1,won,0
Sarawak,P.207 Igan,1,Ahmad Johnie Bin Zawawi,AHMAD JOHNIE BIN ZAWAWI,60,male,bumiputera,GABUNGAN PARTI SARAWAK (GPS),15824,1,won,0
Sarawak,P.208 Sarikei,1,Huang Tiong Sii,HUANG TIONG SII,53,male,chinese,GABUNGAN PARTI SARAWAK (GPS),20080,1,won,1
Sarawak,P.209 Julau,3,Larry Soon @ Larry Sng Wei Shien,LARRY SOON @ LARRY SNG WEI SHIEN,43,male,chinese,PARTI BANGSA MALAYSIA (PBM),9159,1,won,0
Sarawak,P.210 Kanowit,3,Ago Anak Dagang,AARON AGO ANAK DAGANG,63,male,bumiputera,GABUNGAN PARTI SARAWAK (GPS),7411,1,won,0
Sarawak,P.211 Lanang,3,Alice Lau Kiong Yieng,ALICE LAU KIONG YIENG,41,female,chinese,PARTI TINDAKAN DEMOKRATIK (DAP),30120,1,won,0
Sarawak,P.212 Sibu,1,Oscar Ling Chai Yew,OSCAR LING CHAI YEW,45,male,chinese,PARTI TINDAKAN DEMOKRATIK (DAP),31287,1,won,0
Sarawak,P.213 Mukah,1,Hanifah Hajar Taib,HANIFAH HAJAR TAIB,50,female,bumiputera,GABUNGAN PARTI SARAWAK (GPS),21733,1,won,0
Sarawak,P.214 Selangau,2,Edwin Anak Banta,EDWIN ANAK BANTA,57,male,bumiputera,GABUNGAN PARTI SARAWAK (GPS),16078,1,won,1
Sarawak,P.215 Kapit,1,Alexander Nanta Linggi,ALEXANDER NANTA LINGGI,64,male,bumiputera,GABUNGAN PARTI SARAWAK (GPS),16522,1,won,0
Sarawak,P.216 Hulu Rajang,2,Ugak Anak Kumbong,UGAK ANAK KUMBONG,60,male,bumiputera,GABUNGAN PARTI SARAWAK (GPS),15456,1,won,0
Sarawak,P.217 Bintulu,2,Tiong King Sing,DATO SRI TIONG KING SING,61,male,chinese,GABUNGAN PARTI SARAWAK (GPS),43455,1,won,0
Sarawak,P.218 Sibuti,1,Lukanisman Bin Awang Sauni,LUKANISMAN BIN AWANG SAUNI,40,male,bumiputera,GABUNGAN PARTI SARAWAK (GPS),22150,1,won,0
Sarawak,P.219 Miri,3,Chiew Choon Man,CHIEW CHOON MAN,31,male,chinese,PAKATAN HARAPAN (PH),39549,1,won,1
Sarawak,P.220 Baram,1,Anyi Ngau,ANYI NGAU,64,male,bumiputera,GABUNGAN PARTI SARAWAK (GPS),18399,1,won,0
Sarawak,P.221 Limbang,2,Hasbi Bin Habibollah,HASBI BIN HABIBOLLAH,59,male,bumiputera,GABUNGAN PARTI SARAWAK (GPS),14897,1,won,0
Sarawak,P.222 Lawas,3,Henry Sum Agong,HENRY SUM AGONG,76,male,bumiputera,GABUNGAN PARTI SARAWAK (GPS),11361,1,won,0
