UNIQUECODE,STATE,PARLIAMENTARYCODE,PARLIAMENTARYNAME,TOTALELECTORS,MALAY,CHINESE,INDIANS,ORANGASLI,BUMIPUTERASABAH,BUMIPUTERASARAWAK,OTHERS,ELECTORSNORMALVOTERS,ELECTORSABSENTVOTERS,ELECTORSPOLICE,ELECTORSMILITARY,Q,R,S,T,U,V,W,X,ABOVE90,MALEELECTORS,WOMENELECTORS,URBANRURALCLASSIFICATION2022,parlimen,v1,state,ballot_order,name,name_display,age,sex,ethnicity,party,votes,result,result_desc,new_mp,top_party,_merge
P.001,PERLIS,P.001,Padang Besar,60192,86.01000000000001,8.140000000000001,.88,.33,.57,.01,4.06,96.34999999999999,.01,.76,2.88,5.92,21.35,24.86,16.09,12.74,10.78,6.04,1.87,.35,50.18,49.82,Semi Urban,P.001 Padang Besar,0,Perlis,1,Rushdan Bin Rusmi,RUSHDAN BIN RUSMI,44,male,bumiputera,PERIKATAN NASIONAL (PN),24267,1,won,1,PN,Matched (3)
P.002,PERLIS,P.002,Kangar,74859,81.58,14.73,1.57,.13,.08,0,1.9,98.63,.01,1.36,0,6.25,21.51,23.09,15.83,13.45,11.6,6.04,1.88,.35,49.54,50.46,Semi Urban,P.002 Kangar,1,Perlis,1,Zakri Bin Hassan,CIKGU ZAKRI,57,male,bumiputera,PERIKATAN NASIONAL (PN),24562,1,won,1,PN,Matched (3)
P.003,PERLIS,P.003,Arau,60876,87.23,7.81,1.59,.12,.09,.01,3.15,99.23999999999999,.01,.58,.17,5.98,20.31,21.9,16.91,15.12,11.39,5.95,2.11,.33,48.84,51.16,Semi Urban,P.003 Arau,2,Perlis,2,Shahidan Bin Kassim,SHAHIDAN BIN KASSIM,71,male,bumiputera,PERIKATAN NASIONAL (PN),31458,1,won,0,PN,Matched (3)
P.004,KEDAH,P.004,Langkawi,66777,89.65000000000001,6.75,2.38,.3,.17,0,.75,98.31,.01,1,.6899999999999999,8,25.93,22.76,17.59,13.22,8.039999999999999,3.28,1,.18,50.84,49.16,Semi Urban,P.004 Langkawi,3,Kedah,2,Mohd Suhaimi Bin Abdullah,MOHD SUHAIMI BIN ABDULLAH,46,male,bumiputera,PERIKATAN NASIONAL (PN),25463,1,won,1,PN,Matched (3)
P.005,KEDAH,P.005,Jerlun,67601,90.75,6.78,.11,.05,.04,0,2.27,99.95,0,.05,0,5.66,19.39,21.58,17.45,15.46,11.64,6.38,2.13,.31,49.27,50.73,Rural,P.005 Jerlun,4,Kedah,1,Abd Ghani Bin Ahmad,DR. ABD GHANI AHMAD,52,male,bumiputera,PERIKATAN NASIONAL (PN),31685,1,won,1,PN,Matched (3)
P.006,KEDAH,P.006,Kubang Pasu,108217,85.98999999999999,8.720000000000001,3.38,.18,.17,.01,1.54,97.61,.02,.58,1.79,7.42,24.46,23.05,15.79,12.68,10.05,4.87,1.47,.21,49.72,50.28,Semi Urban,P.006 Kubang Pasu,5,Kedah,1,Ku Abd Rahman Bin Ku Ismail,DATO' WIRA DR KU ABD RAHMAN BIN KU ISMAIL,70,male,bumiputera,PERIKATAN NASIONAL (PN),47584,1,won,1,PN,Matched (3)
P.007,KEDAH,P.007,Padang Terap,59806,91.66,1.3,.14,.06,.04,0,6.81,99.65000000000001,0,.34,0,6.29,22.21,23.34,17.33,14.15,9.880000000000001,4.83,1.74,.24,49,51,Rural,P.007 Padang Terap,6,Kedah,4,Nurul Amin Bin Hamid,USTAZ NURUL AMIN,39,male,bumiputera,PERIKATAN NASIONAL (PN),28217,1,won,1,PN,Matched (3)
P.008,KEDAH,P.008,Pokok Sena,114838,81.31999999999999,15.24,2.48,.08,.09,.01,.79,97.98999999999999,.01,.73,1.27,5.71,21.32,23.05,16.89,13.7,11.05,5.94,2.03,.32,49.52,50.48,Semi Urban,P.008 Pokok Sena,7,Kedah,2,Ahmad Bin Saad @ Yahaya,DATO' AHMAD YAHAYA,47,male,bumiputera,PERIKATAN NASIONAL (PN),52275,1,won,1,PN,Matched (3)
P.009,KEDAH,P.009,Alor Setar,105994,63.18,31.76,4.26,.08,.06,.01,.65,99.31999999999999,.02,.66,0,5.12,19.28,21.83,16.63,14.08,13.06,7.19,2.23,.57,48.97,51.03,Urban,P.009 Alor Setar,8,Kedah,2,Afnan Hamimi Bin Taib Azamudden,AFNAN HAMIMI BIN DATO' HAJI TAIB AZAMUDDEN,41,male,bumiputera,PERIKATAN NASIONAL (PN),37486,1,won,1,PN,Matched (3)
P.010,KEDAH,P.010,Kuala Kedah,132500,75.95999999999999,22.25,1.18,.04,.05,0,.52,99.93000000000001,.01,.06,0,6.06,21.47,22.39,17.45,13.77,11.37,5.45,1.77,.27,49.1,50.9,Semi Urban,P.010 Kuala Kedah,9,Kedah,4,Ahmad Fakhruddin Bin Fakhrurazi,DR. AHMAD FAKHRUDDIN,51,male,bumiputera,PERIKATAN NASIONAL (PN),56298,1,won,1,PN,Matched (3)
P.011,KEDAH,P.011,Pendang,94547,88.47,4.75,.5,.04,.03,0,6.21,99.81,0,.18,0,6.11,20.81,21.93,17.7,14.84,10.69,5.55,2.07,.3,48.59,51.41,Rural,P.011 Pendang,10,Kedah,1,Awang Bin Hashim,DATUK HAJI AWANG SOLAHUDIN,58,male,bumiputera,PERIKATAN NASIONAL (PN),49008,1,won,0,PN,Matched (3)
P.012,KEDAH,P.012,Jerai,105001,80.43000000000001,13.03,6.01,.06,.05,.01,.42,99.73,.01,.21,.05,6.38,21.39,20.93,17.6,15.08,10.83,5.49,1.93,.38,49.22,50.78,Semi Urban,P.012 Jerai,11,Kedah,3,Sabri Bin Azit,USTAZ SABRI BIN AZIT,56,male,bumiputera,PERIKATAN NASIONAL (PN),49461,1,won,0,PN,Matched (3)
P.013,KEDAH,P.013,Sik,63126,92.5,1.46,.14,.08,.04,.01,5.76,99.73999999999999,0,.26,0,6.25,21.2,23.25,18.33,14.03,10.02,4.91,1.71,.3,49.35,50.65,Rural,P.013 Sik,12,Kedah,3,Ahmad Tarmizi Bin Sulaiman,AHMAD TARMIZI SULAIMAN,46,male,bumiputera,PERIKATAN NASIONAL (PN),34606,1,won,0,PN,Matched (3)
P.014,KEDAH,P.014,Merbok,132444,69.06,15.3,14.41,.2,.31,.01,.7,96.17,.01,.25,3.57,7.66,25.06,22.81,16.54,12.99,9.630000000000001,4.01,1.08,.22,49.68,50.32,Semi Urban,P.014 Merbok,13,Kedah,4,Mohd Nazri Bin Abu Hassan,MOHD NAZRI,52,male,bumiputera,PERIKATAN NASIONAL (PN),52573,1,won,1,PN,Matched (3)
P.015,KEDAH,P.015,Sungai Petani,168847,60.99,25.75,12.45,.09,.07,.01,.66,99.90000000000001,.01,.08,0,7.43,24.36,20.75,16.02,14.41,10.54,4.72,1.45,.32,48.96,51.04,Urban,P.015 Sungai Petani,14,Kedah,1,Mohammed Taufiq Bin Johari,DR. TAUFIQ BIN DATO' JOHARI,26,male,bumiputera,PAKATAN HARAPAN (PH),50580,1,won,1,PH,Matched (3)
P.016,KEDAH,P.016,Baling,132099,89.23999999999999,4.27,4.63,.08,.05,.14,1.58,99.77,.01,.22,0,6.27,22.07,22.59,17.44,14.55,10.15,4.81,1.77,.35,49.04,50.96,Rural,P.016 Baling,15,Kedah,4,Hassan Bin Saad,USTAZ HASSAN,65,male,bumiputera,PERIKATAN NASIONAL (PN),64493,1,won,1,PN,Matched (3)
P.017,KEDAH,P.017,Padang Serai,133867,62.18,17.75,19.36,.08,.08,0,.55,99.93000000000001,.01,.06,0,9,26.62,20.13,16.16,13.88,9.01,3.76,1.19,.25,48.99,51.01,Semi Urban,P.017 Padang Serai,16,Kedah,4,Azman Bin Nasrudin,DATO' CIKGU AZMAN,50,male,bumiputera,PERIKATAN NASIONAL (PN),51637,1,won,1,PN,Matched (3)
P.018,KEDAH,P.018,Kulim-Bandar Baharu,90141,69.73,17.19,12.53,.12,.08,0,.35,98.34,.01,1.65,0,6.19,21.96,22.02,17.07,14.65,10.82,5.14,1.79,.35,49.45,50.55,Semi Urban,P.018 Kulim-Bandar Baharu,17,Kedah,2,Roslan Bin Hashim,CIKGU ROSLAN HASHIM,55,male,bumiputera,PERIKATAN NASIONAL (PN),34469,1,won,1,PN,Matched (3)
P.019,KELANTAN,P.019,Tumpat,149371,92.28,3.64,.14,.04,.03,.01,3.86,99.72,.01,.27,0,6.97,23.31,23.66,16.73,13.31,9.539999999999999,4.56,1.47,.47,50.03,49.97,Semi Urban,P.019 Tumpat,18,Kelantan,2,Mumtaz Binti Md Nawi,DATO' KAK TAZ,50,female,bumiputera,PARTI ISLAM SE MALAYSIA (PAS),65426,1,won,1,PN,Matched (3)
P.020,KELANTAN,P.020,Pengkalan Chepa,106982,96.95999999999999,1.85,.12,.1,.07,.01,.9,97.52,.02,1.1,1.36,7.76,25.88,25.62,16.45,11.77,7.9,3.51,.9,.22,49.63,50.37,Urban,P.020 Pengkalan Chepa,19,Kelantan,4,Ahmad Marzuk Bin Shaary,DATUK MARZUK,46,male,bumiputera,PARTI ISLAM SE MALAYSIA (PAS),53933,1,won,0,PN,Matched (3)
P.021,KELANTAN,P.021,Kota Bharu,115450,84.33,13.75,.76,.06,.06,0,1.04,99.23999999999999,.02,.74,0,5.45,20.86,23.96,16.79,13.82,11.33,5.74,1.62,.43,49.34,50.66,Urban,P.021 Kota Bharu,20,Kelantan,1,Takiyuddin Bin Hassan,DATUK SERI TAKIYUDDIN,61,male,bumiputera,PARTI ISLAM SE MALAYSIA (PAS),41869,1,won,0,PN,Matched (3)
P.022,KELANTAN,P.022,Pasir Mas,94544,97.29000000000001,1.96,.06,.05,.02,0,.62,99.87,0,.13,0,6.53,22.73,23.45,16.89,13.37,9.75,5.04,1.71,.53,49.45,50.55,Semi Urban,P.022 Pasir Mas,21,Kelantan,2,Ahmad Fadhli Bin Shaari,USTAZ FADHLI SHAARI,42,male,bumiputera,PARTI ISLAM SE MALAYSIA (PAS),44444,1,won,0,PN,Matched (3)
P.023,KELANTAN,P.023,Rantau Panjang,93248,96.65000000000001,1.95,.07,.06,.05,0,1.22,99.56,.02,.38,.04,7.04,23.44,22.95,16.32,13.55,9.81,4.75,1.6,.54,50.33,49.67,Semi Urban,P.023 Rantau Panjang,22,Kelantan,2,Siti Zailah Binti Mohd Yusoff,KAK LAH,59,female,bumiputera,PARTI ISLAM SE MALAYSIA (PAS),37759,1,won,0,PN,Matched (3)
P.024,KELANTAN,P.024,Kubang Kerian,113640,97.34,2,.16,.04,.04,0,.41,99.90000000000001,.01,.09,0,7.54,25.42,24.78,15.75,12.22,8.67,4.23,1.11,.27,49.14,50.86,Semi Urban,P.024 Kubang Kerian,23,Kelantan,4,Tuan Ibharim Bin Tuan Man,USTAZ DATO' TUAN IBRAHIM,62,male,bumiputera,PARTI ISLAM SE MALAYSIA (PAS),55654,1,won,0,PN,Matched (3)
P.025,KELANTAN,P.025,Bachok,123183,98.26000000000001,1.08,.04,.05,.04,.01,.52,99.79000000000001,.01,.2,0,7.42,24.14,24.92,16.92,12.65,8.529999999999999,4.15,1.05,.22,49.08,50.92,Semi Urban,P.025 Bachok,24,Kelantan,1,Mohd Syahir Bin Che Sulaiman,SYAHIR SULAIMAN,39,male,bumiputera,PARTI ISLAM SE MALAYSIA (PAS),57130,1,won,1,PN,Matched (3)
P.026,KELANTAN,P.026,Ketereh,85281,96.59999999999999,1.91,.08,.25,.51,.01,.65,96.41,.01,.06,3.53,6.95,23.98,24.99,16.96,12.93,8.84,4.06,1.08,.21,50.07,49.93,Semi Urban,P.026 Ketereh,25,Kelantan,3,Khlir Bin Mohd Nor,MEJ JEN DATO HJ KHLIR (B),64,male,bumiputera,PARTI ISLAM SE MALAYSIA (PAS),40542,1,won,1,PN,Matched (3)
P.027,KELANTAN,P.027,Tanah Merah,98782,94.31999999999999,4.11,.49,.06,.05,0,.97,99.70999999999999,.01,.28,0,6.85,23.47,24.66,17.41,12.86,9.57,3.97,1.03,.19,49.33,50.67,Semi Urban,P.027 Tanah Merah,26,Kelantan,5,Ikmal Hisham Bin Abdul Aziz,DATO' SRI IKMAL HISHAM,57,male,bumiputera,PARTI ISLAM SE MALAYSIA (PAS),54266,1,won,0,PN,Matched (3)
P.028,KELANTAN,P.028,Pasir Puteh,113070,98.04000000000001,.89,.04,.05,.04,0,.9399999999999999,99.76000000000001,.01,.23,0,7.22,23.88,24.06,16.71,13.27,8.94,4.42,1.24,.26,48.6,51.4,Semi Urban,P.028 Pasir Puteh,27,Kelantan,4,Nik Muhammad Zawawi Bin Salleh,USTAZ NIK ZAWAWI,55,male,bumiputera,PARTI ISLAM SE MALAYSIA (PAS),52937,1,won,0,PN,Matched (3)
P.029,KELANTAN,P.029,Machang,88825,96.34,3.09,.16,.05,.06,0,.29,99.69,.01,.29,.01,6.57,23.05,24.21,16.85,13.64,9.68,4.44,1.29,.27,49.3,50.7,Semi Urban,P.029 Machang,28,Kelantan,3,Wan Ahmad Fayhsal Bin Wan Ahmad Kamal,WAN AHMAD FAYHSAL,35,male,bumiputera,PARTI ISLAM SE MALAYSIA (PAS),35603,1,won,1,PN,Matched (3)
P.030,KELANTAN,P.030,Jeli,59798,97.72,.18,.12,.36,.26,.79,.58,96.83,0,.48,2.69,6.63,23.65,24.35,17.63,13.33,8.84,4.01,1.18,.38,50.5,49.5,Rural,P.030 Jeli,29,Kelantan,2,Zahari Bin Kechik,POK ZAHARI,62,male,bumiputera,PARTI ISLAM SE MALAYSIA (PAS),27072,1,won,1,PN,Matched (3)
P.031,KELANTAN,P.031,Kuala Krai,92335,94.12,4.11,1.12,.06,.05,.01,.54,99.7,0,.3,0,7.07,23.98,25.1,17.16,12.42,8.85,3.97,1.21,.24,50.13,49.87,Rural,P.031 Kuala Krai,30,Kelantan,1,Abdul Latiff Bin Abdul Rahman,USTAZ LATIFF,51,male,bumiputera,PARTI ISLAM SE MALAYSIA (PAS),42740,1,won,0,PN,Matched (3)
P.032,KELANTAN,P.032,Gua Musang,70254,78.55,5.81,.47,.1,.08,14.5,.5,99.63,.01,.37,0,8.25,27.04,26.94,15.24,9.890000000000001,8.31,3.56,.65,.13,50.87,49.13,Rural,P.032 Gua Musang,31,Kelantan,2,Mohd Azizi Bin Abu Naim,MOHD AZIZI ABU NAIM,50,male,bumiputera,PARTI ISLAM SE MALAYSIA (PAS),21826,1,won,1,PN,Matched (3)
P.033,TERENGGANU,P.033,Besut,111650,97.97,1.3,.09,.09,.07,.02,.45,98.42,.01,.34,1.23,7.44,25.1,25.7,16.9,12.15,8.01,3.61,.92,.17,49.85,50.15,Semi Urban,P.033 Besut,32,Terengganu,1,Che Mohamad Zulkifly Bin Jusoh,DATUK ABE ZUL,63,male,bumiputera,PARTI ISLAM SE MALAYSIA (PAS),49569,1,won,0,PN,Matched (3)
P.034,TERENGGANU,P.034,Setiu,107294,99.23,.28,.04,.09,.06,.01,.3,99.7,0,.27,.02,7.04,24.61,26.14,17.64,12.05,7.77,3.55,1,.18,49.6,50.4,Rural,P.034 Setiu,33,Terengganu,2,Shaharizukirnain Bin Abd Kadir,USTAZ ZUKIRNAIN ABD KADIR,53,male,bumiputera,PARTI ISLAM SE MALAYSIA (PAS),50768,1,won,0,PN,Matched (3)
P.035,TERENGGANU,P.035,Kuala Nerus,105952,98.38,1.05,.09,.1,.06,0,.32,98.48,.01,.72,.79,7.33,25.17,26.44,16.74,11.96,7.98,3.32,.93,.12,50.03,49.97,Urban,P.035 Kuala Nerus,34,Terengganu,1,Alias Bin Razak,DATO' DR. HAJI ALIAS RAZAK,63,male,bumiputera,PARTI ISLAM SE MALAYSIA (PAS),56697,1,won,1,PN,Matched (3)
P.036,TERENGGANU,P.036,Kuala Terengganu,123305,90.23,8.65,.55,.08,.07,0,.42,98.84,.02,1.11,.03,5.56,20.57,25.1,17.69,13.85,10.65,4.86,1.46,.26,49.72,50.28,Urban,P.036 Kuala Terengganu,35,Terengganu,4,Ahmad Amzad Bin Mohamed @ Hashim,DATUK HAJI AMZAD HASHIM,52,male,bumiputera,PARTI ISLAM SE MALAYSIA (PAS),63016,1,won,0,PN,Matched (3)
P.037,TERENGGANU,P.037,Marang,131756,97.53,1.87,.08,.06,.06,0,.39,99.43000000000001,.01,.43,.13,7.26,24.5,26.03,16.62,12.5,8.369999999999999,3.5,1.07,.14,49.74,50.26,Semi Urban,P.037 Marang,36,Terengganu,1,Abdul Hadi Bin Awang,TUAN GURU HAJI ABDUL HADI AWANG,75,male,bumiputera,PARTI ISLAM SE MALAYSIA (PAS),73115,1,won,0,PN,Matched (3)
P.038,TERENGGANU,P.038,Hulu Terengganu,87917,98.81999999999999,.43,.04,.06,.05,.31,.29,99.73,0,.26,0,6.22,22.45,27.05,17.57,12.1,8.960000000000001,4.11,1.31,.24,49.59,50.41,Rural,P.038 Hulu Terengganu,37,Terengganu,3,Rosol Bin Wahid,DATO ROSOL WAHID,58,male,bumiputera,PARTI ISLAM SE MALAYSIA (PAS),42910,1,won,0,PN,Matched (3)
P.039,TERENGGANU,P.039,Dungun,115559,95.70999999999999,3.16,.19,.13,.09,.01,.72,99.47,.01,.48,.03,7.53,24.49,25.62,17.24,12.59,8.289999999999999,3.28,.79,.16,50.05,49.95,Semi Urban,P.039 Dungun,38,Terengganu,5,Wan Hassan Bin Mohd Ramli,USTAZ HAJI WAN HASSAN,65,male,bumiputera,PARTI ISLAM SE MALAYSIA (PAS),59720,1,won,0,PN,Matched (3)
P.040,TERENGGANU,P.040,Kemaman,139423,93.17,5.06,.53,.11,.16,.23,.74,99.70999999999999,.01,.27,.01,7.81,24.02,25.15,17.42,12.6,8.65,3.39,.79,.17,50.57,49.43,Semi Urban,P.040 Kemaman,39,Terengganu,2,Che Alias Bin Hamid,USTAZ CHE ALIAS HAMID,51,male,bumiputera,PARTI ISLAM SE MALAYSIA (PAS),65714,1,won,1,PN,Matched (3)
P.041,PULAU PINANG,P.041,Kepala Batas,83081,79.90000000000001,15.5,4.17,.09,.07,0,.26,99.17,0,.83,0,7.5,23.32,20.5,17.43,14.92,9.630000000000001,5,1.49,.2,49.38,50.62,Semi Urban,P.041 Kepala Batas,40,Pulau Pinang,2,Siti Mastura Binti Muhammad,DR USTAZAH MASTURA,33,female,bumiputera,PERIKATAN NASIONAL (PN),28604,1,won,1,PN,Matched (3)
P.042,PULAU PINANG,P.042,Tasek Gelugor,80868,77.93000000000001,15.08,6.35,.16,.15,0,.31,96.77,.01,.15,3.07,6.54,22.31,22.6,17.64,14.27,9.9,5.07,1.48,.21,49.41,50.59,Semi Urban,P.042 Tasek Gelugor,41,Pulau Pinang,5,Wan Saifulruddin Bin Wan Jan,DATUK WAN SAIFUL WAN JAN,47,male,bumiputera,PERIKATAN NASIONAL (PN),31116,1,won,1,PN,Matched (3)
P.043,PULAU PINANG,P.043,Bagan,89447,14.51,69.31999999999999,15.63,.13,.05,0,.36,99.8,0,.2,0,4.81,16.31,18.3,18.22,17.48,14.43,7.7,2.24,.51,49.32,50.68,Urban,P.043 Bagan,42,Pulau Pinang,2,Lim Guan Eng,LIM GUAN ENG,61,male,chinese,PAKATAN HARAPAN (PH),55797,1,won,0,PH,Matched (3)
P.044,PULAU PINANG,P.044,Permatang Pauh,107186,73.12,19.46,6.6,.17,.09,.01,.55,99.28,.01,.71,0,6.29,20.86,21.19,17.59,15.74,11.57,5.23,1.32,.21,49.16,50.84,Urban,P.044 Permatang Pauh,43,Pulau Pinang,2,Muhammad Fawwaz Bin Mohamad Jan,UST FAWWAZ MD JAN,39,male,bumiputera,PERIKATAN NASIONAL (PN),37638,1,won,1,PN,Matched (3)
P.045,PULAU PINANG,P.045,Bukit Mertajam,120819,21.16,67.38,10.87,.12,.05,0,.41,99.95999999999999,.01,.03,0,5.93,20.07,19.99,17.61,15.32,12.28,6.52,1.96,.31,48.93,51.07,Urban,P.045 Bukit Mertajam,44,Pulau Pinang,1,Sim Chee Keong,STEVEN SIM CHEE KEONG,40,male,chinese,PAKATAN HARAPAN (PH),71722,1,won,0,PH,Matched (3)
P.046,PULAU PINANG,P.046,Batu Kawan,88812,22.82,54.05,22.27,.2,.07,0,.58,99.78,0,.22,0,6.37,20.33,20.02,17.89,16,11.56,5.76,1.72,.34,49.03,50.97,Urban,P.046 Batu Kawan,45,Pulau Pinang,2,Chow Kon Yeow,CHOW KON YEOW,64,male,chinese,PAKATAN HARAPAN (PH),50744,1,won,0,PH,Matched (3)
P.047,PULAU PINANG,P.047,Nibong Tebal,100062,46.75,34.72,17.86,.13,.07,.01,.47,99.45,.01,.54,0,6.98,22.65,20.89,17.92,15.14,9.84,4.96,1.38,.24,48.66,51.34,Semi Urban,P.047 Nibong Tebal,46,Pulau Pinang,1,Fadhlina Binti Sidek,FADHLINA BINTI SIDEK,45,female,bumiputera,PAKATAN HARAPAN (PH),42188,1,won,1,PH,Matched (3)
P.048,PULAU PINANG,P.048,Bukit Bendera,92521,15.07,71.12,12.04,.22,.15,.01,1.39,98.84,.02,.6,.54,3.6,13.55,16,16.53,17.94,16.1,10.78,4.5,1.01,47.25,52.75,Urban,P.048 Bukit Bendera,47,Pulau Pinang,1,Syerleena Binti Abdul Rashid,SYERLEENA ABDUL RASHID,42,female,bumiputera,PAKATAN HARAPAN (PH),49353,1,won,1,PH,Matched (3)
P.049,PULAU PINANG,P.049,Tanjong,52803,6.28,81.75,11.24,.12,.09,0,.51,98.29000000000001,0,1.62,.09,1.94,8.529999999999999,12.45,14.66,19.43,22.25,13.27,4.78,2.69,50.56,49.44,Urban,P.049 Tanjong,48,Pulau Pinang,1,Lim Hui Ying,LIM HUI YING,59,female,chinese,PAKATAN HARAPAN (PH),31968,1,won,1,PH,Matched (3)
P.050,PULAU PINANG,P.050,Jelutong,93989,21.02,63.2,14.88,.16,.09,0,.64,99.01000000000001,.01,.99,0,4.16,15.25,18.55,17.65,16.93,15.49,8.539999999999999,2.8,.63,48.05,51.95,Urban,P.050 Jelutong,49,Pulau Pinang,1,Sanisvara Nethaji Rayer A/L Rajaji,SANISVARA NETHAJI RAYER (RSN RAYER),51,male,indian,PAKATAN HARAPAN (PH),50369,1,won,0,PH,Matched (3)
P.051,PULAU PINANG,P.051,Bukit Gelugor,117134,14.64,71.69,12.83,.12,.09,0,.63,99.84999999999999,.02,.07,.06,4.76,16.99,19.19,18.58,16.38,13.12,7.75,2.72,.5,47.78,52.22,Urban,P.051 Bukit Gelugor,50,Pulau Pinang,2,Ramkarpal Singh A/L Karpal Singh,RAMKARPAL SINGH,46,male,other,PAKATAN HARAPAN (PH),71204,1,won,0,PH,Matched (3)
P.052,PULAU PINANG,P.052,Bayan Baru,119640,38.77,47.85,12.18,.3,.19,0,.71,98.11,.03,.27,1.6,5.49,19.02,21.45,18.3,15.4,12.45,6.01,1.63,.24,48.57,51.43,Urban,P.052 Bayan Baru,51,Pulau Pinang,5,Sim Tze Tzin,SIM TZE TZIN,46,male,chinese,PAKATAN HARAPAN (PH),55209,1,won,0,PH,Matched (3)
P.053,PULAU PINANG,P.053,Balik Pulau,80264,65.23,29.05,4.83,.24,.14,.01,.5,99.01000000000001,.01,.98,0,6.62,21.86,20.65,17.1,15.86,11.07,5.01,1.57,.27,49.85,50.15,Semi Urban,P.053 Balik Pulau,52,Pulau Pinang,2,Muhammad Bakhtiar Bin Wan Chik,MUHAMMAD BAKHTIAR BIN WAN CHIK,57,male,bumiputera,PAKATAN HARAPAN (PH),24564,1,won,0,PH,Matched (3)
P.054,PERAK,P.054,Gerik,47565,66.84,13.51,3.03,.63,.74,12.05,3.2,94.09,.01,2.32,3.58,6.95,24.77,24.73,16.06,12.35,9.4,4.02,1.44,.28,52.49,47.51,Rural,P.054 Gerik,53,Perak,2,Fathul Huzir Bin Ayob,FATHUL HUZIR AYOB,39,male,bumiputera,PERIKATAN NASIONAL (PN),15105,1,won,1,PN,Matched (3)
P.055,PERAK,P.055,Lenggong,36950,83.20999999999999,11.8,1.38,.12,.06,3.12,.31,99.86,0,.14,0,5.38,19.47,24.95,17.28,13.18,11.25,5.98,2.07,.43,49.51,50.49,Rural,P.055 Lenggong,54,Perak,1,Shamsul Anuar Bin Nasarah,DR SHAMSUL ANUAR NASARAH,55,male,bumiputera,BARISAN NASIONAL (BN),12588,1,won,0,BN,Matched (3)
P.056,PERAK,P.056,Larut,65719,89.94,3.92,5.62,.09,.05,.01,.38,99.65000000000001,.01,.34,0,5.95,21.62,22.92,17.35,13.6,10.58,5.63,1.98,.36,49.12,50.88,Rural,P.056 Larut,55,Perak,4,Hamzah Bin Zainudin,DATO SERI HAMZAH ZAINUDIN,65,male,bumiputera,PERIKATAN NASIONAL (PN),28350,1,won,0,PN,Matched (3)
P.057,PERAK,P.057,Parit Buntar,68502,68.43000000000001,25.88,5.1,.07,.04,0,.48,99.84999999999999,.01,.14,0,5.55,19.49,20.81,18.59,16.25,11.07,6.01,1.81,.41,50.05,49.95,Semi Urban,P.057 Parit Buntar,56,Perak,4,Mohd Misbahul Munir Bin Masduki,USTAZ MISBAH,59,male,bumiputera,PERIKATAN NASIONAL (PN),23223,1,won,1,PN,Matched (3)
P.058,PERAK,P.058,Bagan Serai,80293,78.25,12.36,9.01,.06,.05,.01,.26,99.59,0,.41,0,6.29,21.26,21.85,17.71,15.13,10.12,5.48,1.76,.4,49.71,50.29,Semi Urban,P.058 Bagan Serai,57,Perak,1,Idris Bin Ahmad,DATUK USTAZ IDRIS,59,male,bumiputera,PERIKATAN NASIONAL (PN),33753,1,won,0,PN,Matched (3)
P.059,PERAK,P.059,Bukit Gantang,94253,71.25,19.14,9.039999999999999,.1,.08,.01,.38,99.91,.01,.08,0,5.71,21.22,23.35,17.11,13.98,11.41,5.32,1.58,.32,49.41,50.59,Semi Urban,P.059 Bukit Gantang,58,Perak,1,Syed Abu Hussin Bin Hafiz Syed Abdul Fasal,DATO' SYED ABU HUSSIN,62,male,bumiputera,PERIKATAN NASIONAL (PN),32625,1,won,0,PN,Matched (3)
P.060,PERAK,P.060,Taiping,121566,39.67,44.38,14.45,.29,.54,.03,.64,96.3,.01,.4,3.28,4.72,18.95,22.3,16.12,13.67,13.32,7.59,2.73,.59,49.11,50.89,Urban,P.060 Taiping,59,Perak,3,Wong Kah Woh,WONG KAH WOH,42,male,chinese,PAKATAN HARAPAN (PH),47098,1,won,0,PH,Matched (3)
P.061,PERAK,P.061,Padang Rengas,38686,77.87,14.82,6.75,.08,.06,0,.43,99.89,.01,.11,0,5.11,19.18,22.12,16.95,14.8,12.26,6.35,2.68,.5600000000000001,49.52,50.48,Semi Urban,P.061 Padang Rengas,60,Perak,1,Azahari Bin Hasan,KAPTEN AZAHARI,48,male,bumiputera,PERIKATAN NASIONAL (PN),12931,1,won,1,PN,Matched (3)
P.062,PERAK,P.062,Sungai Siput,72395,34.2,34.67,21.13,.07,.06,9.59,.29,99.59,0,.4,0,5.6,19.39,20.54,17.95,15.65,11.84,6.21,2.38,.44,49.97,50.03,Semi Urban,P.062 Sungai Siput,61,Perak,4,Kesavan A/L Subramaniam,S. KESAVAN,50,male,indian,PAKATAN HARAPAN (PH),21637,1,won,0,PH,Matched (3)
P.063,PERAK,P.063,Tambun,160558,64.63,20.49,12.48,.29,.41,.99,.71,97.04000000000001,.01,1.62,1.33,6.9,23.24,22.74,16.81,13.6,10.48,4.71,1.3,.22,49.54,50.46,Urban,P.063 Tambun,62,Perak,1,Anwar Bin Ibrahim,ANWAR IBRAHIM,75,male,bumiputera,PAKATAN HARAPAN (PH),49625,1,won,0,PH,Matched (3)
P.064,PERAK,P.064,Ipoh Timor,118178,23.08,68.41,7.49,.15,.13,.03,.71,97.81,.03,1.66,.5,3.74,14.16,17.92,17.21,15.8,15.35,10.29,4.44,1.08,49.12,50.88,Urban,P.064 Ipoh Timor,63,Perak,3,Lee Chuan How,HOWARD LEE CHUAN HOW,39,male,chinese,PAKATAN HARAPAN (PH),57549,1,won,1,PH,Matched (3)
P.065,PERAK,P.065,Ipoh Barat,114654,13.15,59.11,26.96,.08,.1,.04,.5600000000000001,99.23999999999999,.01,.26,.49,4.29,16.62,18.35,17,16.23,14.42,8.76,3.43,.89,48.99,51.01,Urban,P.065 Ipoh Barat,64,Perak,2,M.Kulasegaran A/L V.Murugeson,M. KULA,65,male,indian,PAKATAN HARAPAN (PH),63915,1,won,0,PH,Matched (3)
P.066,PERAK,P.066,Batu Gajah,111896,12.65,69.09,17.59,.08,.06,.1,.43,99.47,.01,.5,.02,5,17.84,17.76,18.39,16.78,13.32,7.6,2.84,.48,50.54,49.46,Urban,P.066 Batu Gajah,65,Perak,2,Sivakumar A/L Varatharaju Naidu,V. SIVAKUMAR,51,male,indian,PAKATAN HARAPAN (PH),60999,1,won,0,PH,Matched (3)
P.067,PERAK,P.067,Kuala Kangsar,46985,70.34999999999999,21.02,6.57,.1,.07,1.17,.73,99.28,.01,.71,0,5.35,19.67,21.86,17.32,14.17,12.01,6.28,2.71,.62,49.36,50.64,Semi Urban,P.067 Kuala Kangsar,66,Perak,1,Iskandar Dzulkarnain Bin Abdul Khalid,ISKANDAR DZULKARNAIN,46,male,bumiputera,PERIKATAN NASIONAL (PN),14380,1,won,1,PN,Matched (3)
P.068,PERAK,P.068,Beruas,108249,27.13,56.81,15.17,.25,.2,.01,.42,99.81999999999999,.01,.16,0,5.49,18.89,20.67,17.71,15.07,12.28,6.94,2.42,.53,50.31,49.69,Semi Urban,P.068 Beruas,67,Perak,1,Ngeh Koo Ham,DATO' NGEH KOO HAM,61,male,chinese,PAKATAN HARAPAN (PH),46710,1,won,0,PH,Matched (3)
P.069,PERAK,P.069,Parit,47915,92.34,2,2.52,.12,.13,2.22,.68,99.01000000000001,0,.76,.23,6.01,21.25,22.49,16.88,14.68,11.09,4.96,2.25,.39,49.61,50.39,Semi Urban,P.069 Parit,68,Perak,1,Muhammad Ismi Bin Mat Taib,USTAZ ISMI,48,male,bumiputera,PERIKATAN NASIONAL (PN),17181,1,won,1,PN,Matched (3)
P.070,PERAK,P.070,Kampar,89894,34.58,52.64,10.12,.1,.09,2.02,.46,99.56999999999999,.01,.42,0,4.48,16.49,18.55,17.55,16.7,14.15,8.07,3.3,.73,50.65,49.35,Semi Urban,P.070 Kampar,69,Perak,3,Chong Zhemin,CHONG ZHEMIN,37,male,chinese,PAKATAN HARAPAN (PH),30467,1,won,1,PH,Matched (3)
P.071,PERAK,P.071,Gopeng,143657,42.69,44.76,9.630000000000001,.16,.11,2.11,.52,99.16,.02,.23,.59,6.26,22.09,21,16.92,14.7,11.24,5.56,1.91,.33,49.31,50.69,Urban,P.071 Gopeng,70,Perak,3,Tan Kar Hing,TAN KAR HING,40,male,chinese,PAKATAN HARAPAN (PH),55880,1,won,1,PH,Matched (3)
P.072,PERAK,P.072,Tapah,61946,45.53,24.48,13.9,.15,.14,14.88,.92,97.34,.01,1.59,1.06,5.23,19.99,22.61,16.74,14.36,11.82,6.18,2.48,.58,50.27,49.73,Rural,P.072 Tapah,71,Perak,4,Saravanan A/L Murugan,DATUK SERI M. SARAVANAN,54,male,indian,BARISAN NASIONAL (BN),18398,1,won,0,BN,Matched (3)
P.073,PERAK,P.073,Pasir Salak,74761,80.97,12.21,3.26,.07,.05,3.14,.3,99.89,.01,.11,0,6.04,21.25,23.47,17.84,13.8,9.720000000000001,5.64,1.84,.39,49.87,50.13,Rural,P.073 Pasir Salak,72,Perak,3,Jamaludin Bin Yahya,USTAZ JAMALUDIN BIN YAHYA,51,male,bumiputera,PERIKATAN NASIONAL (PN),24897,1,won,1,PN,Matched (3)
P.074,PERAK,P.074,Lumut,92972,72.2,14.13,11.36,1.07,.63,.03,.59,90.39,.01,.5600000000000001,9.029999999999999,6.61,23.94,25.1,17.04,12.43,9.619999999999999,3.97,1.02,.25,52.54,47.46,Semi Urban,P.074 Lumut,73,Perak,3,Nordin Bin Ahmad Ismail,KOMANDER (B) NORDIN,57,male,bumiputera,PERIKATAN NASIONAL (PN),25212,1,won,1,PN,Matched (3)
P.075,PERAK,P.075,Bagan Datuk,58183,56.44,20.44,21.6,.31,.07,.01,1.13,99.79000000000001,.01,.2,0,4.84,19.36,24.2,17,14.03,11.34,6.69,2.05,.51,50.42,49.58,Rural,P.075 Bagan Datuk,74,Perak,4,Ahmad Zahid Bin Hamidi,ZAHID HAMIDI,69,male,bumiputera,BARISAN NASIONAL (BN),16578,1,won,0,BN,Matched (3)
P.076,PERAK,P.076,Teluk Intan,87222,41.88,38.36,18.69,.05,.05,.25,.71,99.54000000000001,.01,.45,0,4.98,19.18,22.33,16.49,14,12.74,7.24,2.4,.64,48.95,51.05,Urban,P.076 Teluk Intan,75,Perak,1,Nga Kor Ming,NGA KOR MING,50,male,chinese,PAKATAN HARAPAN (PH),33133,1,won,0,PH,Matched (3)
P.077,PERAK,P.077,Tanjong Malim,93873,54.96,23.65,13,.13,.1,7.19,.96,99.48,0,.45,.06,5.49,19.39,23.62,18,12.77,11.3,6.91,2.02,.5,50.16,49.84,Semi Urban,P.077 Tanjong Malim,76,Perak,3,Chang Lih Kang,CHANG LIH KANG,42,male,chinese,PAKATAN HARAPAN (PH),25140,1,won,0,PH,Matched (3)
P.078,PAHANG,P.078,Cameron Highlands,46020,30.97,27.15,12.19,.28,.11,28.71,.59,99.22,.01,.54,.23,7.17,22.76,22.45,16.8,13.32,9.949999999999999,5.19,1.86,.5,50.56,49.44,Semi Urban,P.078 Cameron Highlands,77,Pahang,1,Ramli Bin Mohd Nor,DATO' RAMLI BIN MOHD NOR,64,male,bumiputera,BARISAN NASIONAL (BN),16120,1,won,1,BN,Matched (3)
P.079,PAHANG,P.079,Lipis,47124,78.23,14.76,4.99,.11,.08,1.14,.6899999999999999,98.08,0,.63,1.29,6.02,22.01,23.76,15.61,13.88,10.86,5.24,2.17,.45,50.88,49.12,Rural,P.079 Lipis,78,Pahang,4,Abdul Rahman Bin Mohamad,DATO SRI ABDUL RAHMAN BIN MOHAMAD,60,male,bumiputera,BARISAN NASIONAL (BN),17672,1,won,0,BN,Matched (3)
P.080,PAHANG,P.080,Raub,75064,52.06,36.59,6.19,.07,.06,4.34,.6899999999999999,99.48999999999999,.01,.45,.05,5.27,19.24,23.14,16.59,14.56,12.16,6.34,2.28,.41,50.68,49.32,Semi Urban,P.080 Raub,79,Pahang,1,Chow Yu Hui,CHOW YU HUI,39,male,chinese,PAKATAN HARAPAN (PH),21613,1,won,1,PH,Matched (3)
P.081,PAHANG,P.081,Jerantut,87051,82.2,11.77,2.45,.09,.07,2.66,.75,99.59,.01,.37,.04,6.36,20.94,25.09,18.81,12.45,8.789999999999999,5.86,1.48,.21,50.19,49.81,Rural,P.081 Jerantut,80,Pahang,3,Khairil Nizam Bin Khirudin,IR. HAJI KHAIRIL,43,male,bumiputera,PERIKATAN NASIONAL (PN),31701,1,won,1,PN,Matched (3)
P.082,PAHANG,P.082,Indera Mahkota,120549,67.34,25.48,5.58,.4,.26,.09,.86,98.33,.01,.99,.67,8.48,25.95,23.24,16.07,12.7,9.16,3.37,.88,.15,50.02,49.98,Urban,P.082 Indera Mahkota,81,Pahang,2,Saifuddin Bin Abdullah,DATO' SRI SAIFUDDIN ABDULLAH,61,male,bumiputera,PERIKATAN NASIONAL (PN),41692,1,won,0,PN,Matched (3)
P.083,PAHANG,P.083,Kuantan,87597,69.03,26.3,3.22,.17,.13,.22,.92,98.2,.01,1.75,.04,6.51,21.69,21.83,16.03,14.52,11.74,5.58,1.73,.38,50.43,49.57,Semi Urban,P.083 Kuantan,82,Pahang,3,Wan Razali Bin Wan Nor,WAN RAZALI WAN NOR,41,male,bumiputera,PERIKATAN NASIONAL (PN),25514,1,won,1,PN,Matched (3)
P.084,PAHANG,P.084,Paya Besar,79744,83.95999999999999,11.06,1.92,.1,.12,1.56,1.28,99.86,.01,.09,.04,7.26,22.9,24.67,16.88,12.72,9.73,4.5,1.18,.17,49.7,50.3,Rural,P.084 Paya Besar,83,Pahang,4,Mohd Shahar Bin Abdullah,DATO' INDERA MOHD SHAHAR BIN ABDULLAH,42,male,bumiputera,BARISAN NASIONAL (BN),26899,1,won,0,BN,Matched (3)
P.085,PAHANG,P.085,Pekan,119443,84.95999999999999,1.79,.7,.35,.53,9.390000000000001,2.28,94.06999999999999,.01,.36,5.55,7.04,23.93,27.02,17.47,11.48,8.51,3.43,.92,.21,50.77,49.23,Semi Urban,P.085 Pekan,84,Pahang,1,Sh Mohmed Puzi Bin Sh Ali,SH MOHMED PUZI BIN SH ALI,65,male,bumiputera,BARISAN NASIONAL (BN),47418,1,won,1,BN,Matched (3)
P.086,PAHANG,P.086,Maran,53128,89.36,5.8,1.38,.09,.07,2.3,.99,99.58,0,.42,0,6.19,19.63,23.52,19.63,14.62,7.87,6.22,2.08,.25,49.92,50.08,Rural,P.086 Maran,85,Pahang,3,Ismail Bin Abd. Muttalib,DATO SRI DR HJ ISMAIL B HJ ABD MUTTALIB,68,male,bumiputera,PERIKATAN NASIONAL (PN),19600,1,won,0,PN,Matched (3)
P.087,PAHANG,P.087,Kuala Krau,60537,88.7,2.52,2.07,.1,.06,5.96,.59,99.93000000000001,0,.07,0,6.02,19.29,26.39,20.5,11.12,9.09,6.22,1.19,.18,49.45,50.55,Rural,P.087 Kuala Krau,86,Pahang,2,Kamal Bin Ashaari,USTAZ HAJI KAMAL BIN ASHAARI,52,male,bumiputera,PERIKATAN NASIONAL (PN),22505,1,won,1,PN,Matched (3)
P.088,PAHANG,P.088,Temerloh,106829,66.28,21.05,8.119999999999999,.35,.54,1.38,2.29,97.61,.01,.48,1.9,6.72,23.82,24.21,16.12,13.11,9.960000000000001,4.31,1.46,.29,50.18,49.82,Semi Urban,P.088 Temerloh,87,Pahang,2,Salamiah Binti Mohd Nor,HJH SALAMIAH MOHD NOR,58,female,bumiputera,PERIKATAN NASIONAL (PN),30929,1,won,1,PN,Matched (3)
P.089,PAHANG,P.089,Bentong,87058,49.25,37.99,9.09,.16,.17,2.65,.68,98.59999999999999,.01,.35,1.03,5.38,19.05,22.37,17.47,15.19,11.66,6.4,2.16,.32,50.98,49.02,Semi Urban,P.089 Bentong,88,Pahang,2,Young Syefura Binti Othman,YOUNG SYEFURA BINTI OTHMAN,33,female,bumiputera,PAKATAN HARAPAN (PH),25075,1,won,1,PH,Matched (3)
P.090,PAHANG,P.090,Bera,77669,62.04,27.82,3.66,.27,.32,5.18,.71,95.09999999999999,.01,.36,4.53,5.73,20.41,25.92,18.25,12.71,9.59,5.77,1.44,.18,51.26,48.74,Rural,P.090 Bera,89,Pahang,2,Ismail Sabri Bin Yaakob,ISMAIL SABRI BIN YAAKOB,62,male,bumiputera,BARISAN NASIONAL (BN),31762,1,won,0,BN,Matched (3)
P.091,PAHANG,P.091,Rompin,89131,83.29000000000001,2.43,.89,.16,.1,11.87,1.25,99.29000000000001,0,.38,.33,6.51,22.75,28.78,16.66,10.38,10,4.14,.65,.13,49.84,50.16,Rural,P.091 Rompin,90,Pahang,3,Abdul Khalib Bin Abdullah,DATO' KHALIB,63,male,bumiputera,PERIKATAN NASIONAL (PN),31589,1,won,1,PN,Matched (3)
P.092,SELANGOR,P.092,Sabak Bernam,51609,81.31999999999999,13.05,4.88,.1,.09,.01,.5600000000000001,99.89,0,.1,.01,6.01,20.67,23.57,16.59,14.64,10.4,5.89,1.82,.42,49.18,50.82,Rural,P.092 Sabak Bernam,91,Selangor,3,Kalam Bin Salan,CIKGU KALAM BIN SALAN,57,male,bumiputera,PERIKATAN NASIONAL (PN),17973,1,won,1,PN,Matched (3)
P.093,SELANGOR,P.093,Sungai Besar,64382,67.33,29.33,2.1,.21,.09,.01,.93,99.48999999999999,0,.5,0,5.95,22.25,24.14,16.94,14.62,9.42,4.92,1.48,.28,50.51,49.49,Semi Urban,P.093 Sungai Besar,92,Selangor,3,Muslimin Bin Yahaya,CIKGU MUSLIMIN YAHAYA,55,male,bumiputera,PERIKATAN NASIONAL (PN),19791,1,won,0,PN,Matched (3)
P.094,SELANGOR,P.094,Hulu Selangor,154317,62.81,18.14,15.13,.34,.27,1.84,1.47,99.12,.01,.6899999999999999,.18,8.029999999999999,25.48,20.8,15.83,15,9.41,3.89,1.29,.27,49.63,50.37,Semi Urban,P.094 Hulu Selangor,93,Selangor,6,Mohd Hasnizan Bin Harun,HASNIZAN HARUN,52,male,bumiputera,PERIKATAN NASIONAL (PN),46823,1,won,1,PN,Matched (3)
P.095,SELANGOR,P.095,Tanjong Karang,62194,73.15000000000001,17.2,8.23,.1,.05,.01,1.26,99.95,.01,.04,0,6.17,21.19,23.26,17.68,14.65,10.13,5.03,1.51,.37,50.17,49.83,Rural,P.095 Tanjong Karang,94,Selangor,3,Zulkafperi Bin Hanapi,KAPT (B) DATO DR ZULKAFPERI,63,male,bumiputera,PERIKATAN NASIONAL (PN),18054,1,won,1,PN,Matched (3)
P.096,SELANGOR,P.096,Kuala Selangor,102951,66.81,12.06,19.55,.2,.12,.01,1.24,99.61,.01,.38,0,7.99,24.61,21.83,16.74,14.34,9.06,4.03,1.11,.28,49.46,50.54,Semi Urban,P.096 Kuala Selangor,95,Selangor,3,Dzulkefly Bin Ahmad,DS DR DZULKEFLY BIN AHMAD,66,male,bumiputera,PAKATAN HARAPAN (PH),31033,1,won,0,PH,Matched (3)
P.097,SELANGOR,P.097,Selayang,181539,51.59,26.3,17.9,.42,.28,.26,3.24,99.64,.01,.34,.02,8.34,25.33,21.15,16.4,14.39,9.52,3.67,1.02,.19,49.57,50.43,Urban,P.097 Selayang,96,Selangor,5,William Leong Jee Keen,WILLIAM LEONG JEE KEEN,65,male,chinese,PAKATAN HARAPAN (PH),72773,1,won,0,PH,Matched (3)
P.098,SELANGOR,P.098,Gombak,206744,69.94,10.86,10.86,.26,.19,.5,7.39,99.75,.04,.11,.1,6.65,21.78,23,17.5,13.89,11.04,4.93,1.06,.16,49.62,50.38,Urban,P.098 Gombak,97,Selangor,2,Amirudin Bin Shari,AMIRUDIN SHARI,42,male,bumiputera,PAKATAN HARAPAN (PH),72267,1,won,1,PH,Matched (3)
P.099,SELANGOR,P.099,Ampang,133494,51.4,32.44,9.68,.44,.29,.01,5.74,99.73999999999999,.03,.23,0,6.34,21.08,21.35,17.31,15.21,11.8,5.21,1.47,.22,49.29,50.71,Urban,P.099 Ampang,98,Selangor,1,Rodziah Binti Ismail,RODZIAH ISMAIL,58,female,bumiputera,PAKATAN HARAPAN (PH),56754,1,won,1,PH,Matched (3)
P.100,SELANGOR,P.100,Pandan,148730,40.22,46.97,7.95,.76,.34,.02,3.75,99.59,.02,.39,0,5.58,20.17,22.61,18.39,16.04,11.71,4.31,1.06,.12,49.3,50.7,Urban,P.100 Pandan,99,Selangor,1,Mohd Rafizi Bin Ramli,RAFIZI RAMLI,45,male,bumiputera,PAKATAN HARAPAN (PH),74002,1,won,0,PH,Matched (3)
P.101,SELANGOR,P.101,Hulu Langat,166902,63.45,20.97,10.72,.49,.35,.9,3.12,98.14,.02,1.84,0,8.92,25.99,21.37,16.22,13.67,9.23,3.45,.98,.16,50.03,49.97,Urban,P.101 Hulu Langat,100,Selangor,1,Mohd Sany Bin Hamzan,YB MOHD SANY HAMZAN,45,male,bumiputera,PAKATAN HARAPAN (PH),58382,1,won,1,PH,Matched (3)
P.102,SELANGOR,P.102,Bangi,303430,48.43,36.96,11.19,.61,.4,.01,2.39,99.55,.03,.31,.11,8.609999999999999,25.83,21.6,16.64,13.73,9.18,3.47,.83,.11,49.45,50.55,Urban,P.102 Bangi,101,Selangor,7,Syahredzan Bin Johan,SYAHREDZAN BIN JOHAN,39,male,bumiputera,PAKATAN HARAPAN (PH),141568,1,won,1,PH,Matched (3)
P.103,SELANGOR,P.103,Puchong,152861,37.26,49.4,10.95,.71,.35,.18,1.15,99.72,.02,.24,.02,7.7,23.02,19.58,19.4,15.21,9.609999999999999,4.23,1.12,.13,50.06,49.94,Urban,P.103 Puchong,102,Selangor,1,Yeo Bee Yin,YEO BEE YIN,39,female,chinese,PAKATAN HARAPAN (PH),79425,1,won,0,PH,Matched (3)
P.104,SELANGOR,P.104,Subang,230940,26.25,54.04,16.81,.8100000000000001,.49,.01,1.59,99.22,.04,.66,.08,6.61,21.45,20.05,17.62,16.44,12.05,4.52,1.13,.13,49.42,50.58,Urban,P.104 Subang,103,Selangor,3,Wong Chen,WONG CHEN,53,male,chinese,PAKATAN HARAPAN (PH),138259,1,won,0,PH,Matched (3)
P.105,SELANGOR,P.105,Petaling Jaya,195148,46.15,29.56,20.73,.66,.35,.01,2.53,97.77,.02,.44,1.76,5.17,17.62,19.74,17.99,16.19,13.23,6.98,2.47,.6,49.35,50.65,Urban,P.105 Petaling Jaya,104,Selangor,6,Lee Chean Chung,LEE CHEAN CHUNG,41,male,chinese,PAKATAN HARAPAN (PH),83311,1,won,1,PH,Matched (3)
P.106,SELANGOR,P.106,Damansara,239103,20.66,66.14,9.98,.49,.27,.25,2.23,99.77,.02,.2,0,5.55,17.9,18.47,18.5,15.97,13.04,7.64,2.52,.4,48.67,51.33,Urban,P.106 Damansara,105,Selangor,1,Gobind Singh Deo,GOBIND SINGH DEO,49,male,other,PAKATAN HARAPAN (PH),142875,1,won,0,PH,Matched (3)
P.107,SELANGOR,P.107,Sungai Buloh,158090,62.62,20.7,10.44,.78,.48,.07,4.9,98.45999999999999,.03,.34,1.17,9.640000000000001,26.95,21.21,16.95,13.87,7.84,2.75,.65,.12,50.1,49.9,Urban,P.107 Sungai Buloh,106,Selangor,6,Ramanan Ramakrishnan,RAMANAN RAMAKRISHNAN,41,male,indian,PAKATAN HARAPAN (PH),50943,1,won,1,PH,Matched (3)
P.108,SELANGOR,P.108,Shah Alam,165744,73.36,12.67,11.92,.55,.33,.09,1.08,98.90000000000001,.04,1.03,.03,8.119999999999999,23.57,22.03,17.73,13.54,10.33,3.86,.71,.12,49.91,50.09,Urban,P.108 Shah Alam,107,Selangor,1,Azli Bin Yusof,AZLI YUSOF,55,male,bumiputera,PAKATAN HARAPAN (PH),61409,1,won,1,PH,Matched (3)
P.109,SELANGOR,P.109,Kapar,189369,68,15.26,14.21,.51,.17,.06,1.79,99.73,.01,.26,0,8.31,25.57,21.75,17.19,14.18,8.630000000000001,3.43,.79,.15,49.76,50.24,Urban,P.109 Kapar,108,Selangor,4,Halimah Ali,DR HALIMAH ALI,62,female,bumiputera,PERIKATAN NASIONAL (PN),65751,1,won,1,PN,Matched (3)
P.110,SELANGOR,P.110,Klang,208913,26.65,52.77,18.25,.71,.22,.1,1.3,99.38,.02,.46,.15,5.58,18.45,19.19,18.44,16.1,13.16,6.67,1.95,.46,49.86,50.14,Urban,P.110 Klang,109,Selangor,6,Ganabatirau A/L Veraman,GANABATIRAU A/L VERAMAN,49,male,bumiputera,PAKATAN HARAPAN (PH),115539,1,won,1,PH,Matched (3)
P.111,SELANGOR,P.111,Kota Raja,244712,39.81,29.68,27.34,1.33,.34,.02,1.48,99.95999999999999,.02,.02,0,9.09,25.9,21.2,17.86,13.82,8.289999999999999,3.07,.66,.11,49.38,50.62,Urban,P.111 Kota Raja,110,Selangor,5,Mohamad Bin Sabu,MOHD SABU,68,male,bumiputera,PAKATAN HARAPAN (PH),123306,1,won,0,PH,Matched (3)
P.112,SELANGOR,P.112,Kuala Langat,148637,54.86,23.76,17.28,.42,.17,2.02,1.47,99.26000000000001,.01,.25,.48,7.79,23.55,22.61,17.84,13.53,9.289999999999999,3.95,1.18,.25,49.75,50.25,Semi Urban,P.112 Kuala Langat,111,Selangor,4,Ahmad Yunus Bin Hairi,DR AHMAD YUNUS HAIRI,57,male,bumiputera,PERIKATAN NASIONAL (PN),52867,1,won,1,PN,Matched (3)
P.113,SELANGOR,P.113,Sepang,168039,62.92,19.15,13.14,.71,.4,2.12,1.55,98.87,.03,1.1,0,9.109999999999999,25.2,21.37,17.73,13.43,8.35,3.49,1.08,.23,50.24,49.76,Semi Urban,P.113 Sepang,112,Selangor,4,Raj Munni Binti Sabu,AIMAN ATHIRAH,50,female,bumiputera,PAKATAN HARAPAN (PH),56264,1,won,1,PH,Matched (3)
P.114,WILAYAH PERSEKUTUAN KUALA LUMPUR,P.114,Kepong,94285,5.62,85.51000000000001,7.08,.87,.14,.01,.77,99.69,.01,.3,0,4.14,14.88,16.2,18.22,19.37,15.55,8.539999999999999,2.73,.37,50.24,49.76,Urban,P.114 Kepong,113,W.P. Kuala Lumpur,4,Lim Lip Eng,LIM LIP ENG,50,male,chinese,PAKATAN HARAPAN (PH),64308,1,won,0,PH,Matched (3)
P.115,WILAYAH PERSEKUTUAN KUALA LUMPUR,P.115,Batu,113863,44.05,34.57,18.18,.6,.46,.04,2.11,97.37,.02,.67,1.95,5.78,20.39,22.93,17.54,14.4,11.78,5.19,1.62,.38,49.81,50.19,Urban,P.115 Batu,114,W.P. Kuala Lumpur,3,Prabakaran A/L M Parameswaran,PRABAKARAN PARAMESWARAN,26,male,indian,PAKATAN HARAPAN (PH),45716,1,won,0,PH,Matched (3)
P.116,WILAYAH PERSEKUTUAN KUALA LUMPUR,P.116,Wangsa Maju,120323,57.71,28.51,9.109999999999999,.61,.63,.05,3.38,97.65000000000001,.03,.28,2.04,5.14,19.42,24.06,17.75,14.67,12.48,4.96,1.31,.21,49.37,50.63,Urban,P.116 Wangsa Maju,115,W.P. Kuala Lumpur,1,Zahir Bin Hassan,ZAHIR HASSAN,63,male,bumiputera,PAKATAN HARAPAN (PH),46031,1,won,1,PH,Matched (3)
P.117,WILAYAH PERSEKUTUAN KUALA LUMPUR,P.117,Segambut,119652,26.77,56.76,11.81,.33,.28,.03,4.04,99.73999999999999,.05,.21,0,5.35,18.37,20.7,17.56,15.05,13.46,6.83,2.16,.51,48.72,51.28,Urban,P.117 Segambut,116,W.P. Kuala Lumpur,3,Yeoh Tseow Suan,HANNAH YEOH,43,female,chinese,PAKATAN HARAPAN (PH),68438,1,won,0,PH,Matched (3)
P.118,WILAYAH PERSEKUTUAN KUALA LUMPUR,P.118,Setiawangsa,95753,60.52,24.51,11.69,.8100000000000001,.97,.05,1.45,87.31,.04,2.87,9.779999999999999,5.28,20.44,25.86,17.5,14.15,11.25,4.18,1.09,.24,51.31,48.69,Urban,P.118 Setiawangsa,117,W.P. Kuala Lumpur,1,Nik Nazmi Bin Nik Ahmad,NIK NAZMI NIK AHMAD,40,male,bumiputera,PAKATAN HARAPAN (PH),34434,1,won,0,PH,Matched (3)
P.119,WILAYAH PERSEKUTUAN KUALA LUMPUR,P.119,Titiwangsa,80747,66.43000000000001,16.5,9.31,.6899999999999999,.45,.03,6.6,97.37,.02,.37,2.24,4.8,17.44,20.72,17.06,17.07,14.21,6.18,1.9,.63,49.84,50.16,Urban,P.119 Titiwangsa,118,W.P. Kuala Lumpur,4,Johari Bin Abdul Ghani,DATUK SERI JOHARI GHANI,58,male,bumiputera,BARISAN NASIONAL (BN),25042,1,won,0,BN,Matched (3)
P.120,WILAYAH PERSEKUTUAN KUALA LUMPUR,P.120,Bukit Bintang,79782,13.05,71.59999999999999,12.41,.91,.4,.02,1.62,96.73999999999999,.01,3.25,0,2.59,9.66,13.02,15.66,19.47,21.01,12.27,4.54,1.78,52.32,47.68,Urban,P.120 Bukit Bintang,119,W.P. Kuala Lumpur,2,Fong Kui Lun,FONG KUI LUN,76,male,chinese,PAKATAN HARAPAN (PH),43827,1,won,0,PH,Matched (3)
P.121,WILAYAH PERSEKUTUAN KUALA LUMPUR,P.121,Lembah Pantai,101828,59.09,19.14,17.18,1,.63,.04,2.92,90.38,.02,9.550000000000001,.05,4.01,15.82,22.46,18.94,16.57,13.35,6.36,2.04,.46,52.14,47.86,Urban,P.121 Lembah Pantai,120,W.P. Kuala Lumpur,3,Ahmad Fahmi Bin Mohamed Fadzil,FAHMI FADZIL,41,male,bumiputera,PAKATAN HARAPAN (PH),35359,1,won,0,PH,Matched (3)
P.122,WILAYAH PERSEKUTUAN KUALA LUMPUR,P.122,Seputeh,124805,12.06,76.78,8.960000000000001,.52,.22,.01,1.43,99.65000000000001,.02,.32,0,5.01,16.97,17.92,18.61,16.84,13.5,7.91,2.77,.48,48.72,51.28,Urban,P.122 Seputeh,121,W.P. Kuala Lumpur,4,Teresa Kok Suh Sim,TERESA KOK,58,female,chinese,PAKATAN HARAPAN (PH),73234,1,won,0,PH,Matched (3)
P.123,WILAYAH PERSEKUTUAN KUALA LUMPUR,P.123,Cheras,101184,13.44,77.09,7.77,.5600000000000001,.23,.01,.9,98.86,.01,1.13,0,3.79,13.75,16.21,17.88,18.45,17.08,9.07,3.14,.64,49.74,50.26,Urban,P.123 Cheras,122,W.P. Kuala Lumpur,1,Tan Kok Wai,TAN KOK WAI,65,male,chinese,PAKATAN HARAPAN (PH),60294,1,won,0,PH,Matched (3)
P.124,WILAYAH PERSEKUTUAN KUALA LUMPUR,P.124,Bandar Tun Razak,119185,61.99,26.94,8.77,.7,.6,.02,.98,95.78,.02,.17,4.04,6.38,21.36,22.73,18.34,14.92,10.42,4.56,1.16,.14,49.86,50.14,Urban,P.124 Bandar Tun Razak,123,W.P. Kuala Lumpur,1,Wan Azizah Binti Wan Ismail,DATO' SERI DR WAN AZIZAH BINTI WAN ISMAIL,70,female,bumiputera,PAKATAN HARAPAN (PH),43476,1,won,0,PH,Matched (3)
P.125,WILAYAH PERSEKUTUAN PUTRAJAYA,P.125,Putrajaya,42881,93.84999999999999,.89,2.78,1.21,.51,.06,.6899999999999999,96.61,.16,1.74,1.49,8.33,21,29.66,21.89,10.22,7.43,1.32,.13,0,49.44,50.56,Urban,P.125 Putrajaya,124,W.P. Putrajaya,5,Mohd Radzi Bin Md Jidin,DR. RADZI JIDIN (DRJ),45,male,bumiputera,PERIKATAN NASIONAL (PN),16002,1,won,1,PN,Matched (3)
P.126,NEGERI SEMBILAN,P.126,Jelebu,59561,65.12,23.33,5.49,.15,.09,5.22,.6,98.75,.01,1.24,0,4.74,16.93,23.81,19.27,13.04,12.48,7.15,2.18,.39,50.51,49.49,Rural,P.126 Jelebu,125,Negeri Sembilan,2,Jalaluddin Bin Alias,JALALUDDIN BIN ALIAS,59,male,bumiputera,BARISAN NASIONAL (BN),21805,1,won,0,BN,Matched (3)
P.127,NEGERI SEMBILAN,P.127,Jempol,95813,63.63,22.01,12.74,.1,.08,.89,.55,99.59,0,.41,0,5.02,19.37,27.28,16.27,11.28,13.38,5.81,1.37,.22,49.01,50.99,Semi Urban,P.127 Jempol,126,Negeri Sembilan,3,Shamshulkahar Bin Mohd Deli,DATO' HAJI SHAMSHULKAHAR BIN HAJI MOHD DELI,61,male,bumiputera,BARISAN NASIONAL (BN),30138,1,won,1,BN,Matched (3)
P.128,NEGERI SEMBILAN,P.128,Seremban,157244,51.29,31.9,13.93,.38,.26,.8,1.45,98.97,.03,.98,.02,6.67,21.15,20.66,16.84,14.57,11.89,5.76,2.01,.45,49.62,50.38,Urban,P.128 Seremban,127,Negeri Sembilan,1,Loke Siew Fook,LOKE SIEW FOOK,45,male,chinese,PAKATAN HARAPAN (PH),63916,1,won,0,PH,Matched (3)
P.129,NEGERI SEMBILAN,P.129,Kuala Pilah,63247,76.03,15.68,5.25,.12,.12,2.18,.61,99.41,.02,.57,0,5.06,18.17,20.86,16.85,15.23,13.36,6.48,3.32,.68,49.41,50.59,Rural,P.129 Kuala Pilah,128,Negeri Sembilan,5,Adnan Bin Abu Hassan,DATO' HJ ADNAN HJ ABU HASSAN,52,male,bumiputera,BARISAN NASIONAL (BN),21423,1,won,1,BN,Matched (3)
P.130,NEGERI SEMBILAN,P.130,Rasah,155896,32.57,42.64,22.38,.36,.32,.39,1.34,98.48,.02,.46,1.04,7.01,22.13,20.39,16.85,14.3,11.33,5.6,1.94,.45,49.37,50.63,Urban,P.130 Rasah,129,Negeri Sembilan,3,Cha Kee Chin,CHA KEE CHIN,48,male,chinese,PAKATAN HARAPAN (PH),81434,1,won,0,PH,Matched (3)
P.131,NEGERI SEMBILAN,P.131,Rembau,133555,73.48999999999999,8.859999999999999,15.94,.25,.21,.41,.84,98.31999999999999,.02,.38,1.28,7.51,24.12,21.87,16.09,13.92,10.49,4.21,1.46,.32,49.15,50.85,Semi Urban,P.131 Rembau,130,Negeri Sembilan,2,Mohamad Bin Haji Hasan,TOK MAT,66,male,bumiputera,BARISAN NASIONAL (BN),53075,1,won,1,BN,Matched (3)
P.132,NEGERI SEMBILAN,P.132,Port Dickson,104450,43.6,31.87,21.41,.83,.9399999999999999,.3,1.05,92.92,.01,.5,6.57,6.6,21.37,22.39,17.13,14.09,10.95,5.35,1.75,.38,51.12,48.88,Semi Urban,P.132 Port Dickson,131,Negeri Sembilan,5,Aminuddin Bin Harun,DATO' SERI AMINUDDIN BIN HARUN,55,male,bumiputera,PAKATAN HARAPAN (PH),42013,1,won,1,PH,Matched (3)
P.133,NEGERI SEMBILAN,P.133,Tampin,81099,61.93,23.66,12.28,.48,.85,.17,.63,93.56,0,.48,5.95,5,20.63,25.47,17.55,12.43,11.3,5.44,1.89,.29,50.56,49.44,Semi Urban,P.133 Tampin,132,Negeri Sembilan,1,Mohd Isam Bin Mohd Isa,MOHD ISAM BIN MOHD ISA,53,male,bumiputera,BARISAN NASIONAL (BN),23283,1,won,1,BN,Matched (3)
P.134,MELAKA,P.134,Masjid Tanah,69174,81.95,11.74,3.64,.23,.18,.43,1.82,99.52,.01,.13,.34,6.27,22.33,21.88,16.32,14.39,10.87,5.59,2,.35,48.69,51.31,Semi Urban,P.134 Masjid Tanah,133,Melaka,2,Mas Ermieyati Binti Samsudin,MAS ERMIEYATI,46,female,bumiputera,PERIKATAN NASIONAL (PN),25604,1,won,0,PN,Matched (3)
P.135,MELAKA,P.135,Alor Gajah,93311,61.39,23.78,13.07,.17,.15,.74,.7,99.40000000000001,0,.57,.02,6.34,20.98,21.65,16.95,14.36,11.31,5.86,2.17,.39,49.22,50.78,Semi Urban,P.135 Alor Gajah,134,Melaka,2,Adly Bin Zahari,ADLY ZAHARI,51,male,bumiputera,PAKATAN HARAPAN (PH),28178,1,won,1,PH,Matched (3)
P.136,MELAKA,P.136,Tangga Batu,115998,69.28,22.29,3.65,1.45,1.57,.06,1.7,91.69,.01,.04,8.25,7.27,24.87,24.14,17.08,12.4,8.789999999999999,4.05,1.22,.19,51.28,48.72,Urban,P.136 Tangga Batu,135,Melaka,3,Bakri Bin Jamaluddin,BAKRI JAMALUDDIN,57,male,bumiputera,PERIKATAN NASIONAL (PN),37406,1,won,1,PN,Matched (3)
P.137,MELAKA,P.137,Hang Tuah Jaya,118493,61.73,30.62,6.04,.31,.2,.01,1.09,98.97,.01,.79,.23,6.4,21.78,22.62,16.83,13.93,11.26,5.34,1.59,.24,49.02,50.98,Urban,P.137 Hang Tuah Jaya,136,Melaka,1,Adam Adli Bin Abd Halim,ADAM ADLI,33,male,bumiputera,PAKATAN HARAPAN (PH),39418,1,won,1,PH,Matched (3)
P.138,MELAKA,P.138,Kota Melaka,164140,38.98,54.17,4.46,.24,.18,.01,1.96,99.56999999999999,.02,.41,0,5.43,18.77,19.92,17.14,15.12,13.27,7.29,2.54,.52,48.65,51.35,Urban,P.138 Kota Melaka,137,Melaka,1,Khoo Poay Tiong,KHOO POAY TIONG,51,male,chinese,PAKATAN HARAPAN (PH),73995,1,won,0,PH,Matched (3)
P.139,MELAKA,P.139,Jasin,96208,73.29000000000001,15.5,10.12,.09,.09,.14,.77,99.76000000000001,.01,.24,0,6.41,22.08,21.49,16.96,14.71,10.77,5.3,1.98,.31,48.77,51.23,Semi Urban,P.139 Jasin,138,Melaka,4,Zulkifli Bin Ismail,TUAN GURU ZULKIFLI ISMAIL,56,male,bumiputera,PERIKATAN NASIONAL (PN),27893,1,won,1,PN,Matched (3)
P.140,JOHOR,P.140,Segamat,69360,46.7,42.64,9.32,.19,.21,.17,.79,98.70999999999999,.01,.84,.44,4.81,18.67,22.51,16.1,14.6,13.89,6.56,2.38,.49,50.27,49.73,Semi Urban,P.140 Segamat,139,Johor,3,Yuneswaran A/L Ramaraj,R. YUNESWARAN,36,male,indian,PAKATAN HARAPAN (PH),23437,1,won,1,PH,Matched (3)
P.141,JOHOR,P.141,Sekijang,63981,57.76,36.58,4.07,.08,.09,.31,1.11,100,0,0,0,5.97,21.03,23.2,17.68,12.97,11.26,5.9,1.77,.23,49.44,50.56,Semi Urban,P.141 Sekijang,140,Johor,4,Zaliha Binti Mustafa,DR. ZALIHA MUSTAFA,58,female,bumiputera,PAKATAN HARAPAN (PH),18941,1,won,1,PH,Matched (3)
P.142,JOHOR,P.142,Labis,49846,37.55,43.75,15.36,.14,.06,2.31,.84,99.91,.01,.08,0,4.79,17.92,20.68,17.88,15.97,12.57,7.01,2.63,.55,50.26,49.74,Semi Urban,P.142 Labis,141,Johor,2,Pang Hok Liong,PANG HOK LIONG,65,male,chinese,PAKATAN HARAPAN (PH),16133,1,won,0,PH,Matched (3)
P.143,JOHOR,P.143,Pagoh,69939,66.08,29.25,3.42,.09,.06,.57,.53,99.84999999999999,0,.15,0,5.75,20.76,22.15,16.53,14.53,11.8,5.3,2.68,.51,49.79,50.21,Rural,P.143 Pagoh,142,Johor,2,Mahiaddin Bin Md Yasin,TAN SRI MUHYIDDIN BIN MD YASIN,75,male,bumiputera,PERIKATAN NASIONAL (PN),24986,1,won,0,PN,Matched (3)
P.144,JOHOR,P.144,Ledang,104577,55.29,38.55,4.89,.1,.06,.44,.66,99.65000000000001,.01,.34,0,6.17,21.13,21.2,16.64,14.86,11.3,5.87,2.42,.4,49.38,50.62,Semi Urban,P.144 Ledang,143,Johor,1,Syed Ibrahim Bin Syed Noh,SYED IBRAHIM SYED NOH,58,male,bumiputera,PAKATAN HARAPAN (PH),33650,1,won,0,PH,Matched (3)
P.145,JOHOR,P.145,Bakri,97335,45.39,51.62,2.12,.15,.13,.01,.58,99.05,.01,.9399999999999999,0,5.31,19.44,20.77,17.38,15.11,12.48,6.54,2.5,.46,49.4,50.6,Urban,P.145 Bakri,144,Johor,3,Tan Hong Pin,TAN HONG PIN,41,male,chinese,PAKATAN HARAPAN (PH),36636,1,won,1,PH,Matched (3)
P.146,JOHOR,P.146,Muar,68925,66.34999999999999,31.25,1.34,.16,.1,.1,.71,99.17,.01,.82,0,5.86,20.94,21.59,16.91,14.28,11.43,5.95,2.46,.59,49.58,50.42,Semi Urban,P.146 Muar,145,Johor,3,Syed Saddiq Bin Syed Abdul Rahman,SYED SADDIQ,29,male,bumiputera,IKATAN DEMOKRATIK MALAYSIA (MUDA),19961,1,won,0,Others,Matched (3)
P.147,JOHOR,P.147,Parit Sulong,79484,80.20999999999999,18.07,.47,.06,.07,.33,.8,99.94,.01,.05,0,5.87,20.39,19.96,16.21,15.98,12.14,6.24,2.67,.54,49.1,50.9,Rural,P.147 Parit Sulong,146,Johor,1,Noraini Binti Ahmad,NORAINI AHMAD,55,female,bumiputera,BARISAN NASIONAL (BN),25740,1,won,0,BN,Matched (3)
P.148,JOHOR,P.148,Ayer Hitam,61041,57.61,37.09,4.14,.08,.06,.04,.97,99.91,.01,.08,0,6.3,21.13,20.91,17.12,15.47,11.09,5.48,2.14,.34,49.89,50.11,Semi Urban,P.148 Ayer Hitam,147,Johor,1,Wee Ka Siong,WEE KA SIONG,54,male,chinese,BARISAN NASIONAL (BN),18911,1,won,0,BN,Matched (3)
P.149,JOHOR,P.149,Sri Gading,78602,63.69,33.83,1.37,.12,.08,.04,.86,99.86,.02,.05,.07,7.34,24.53,20.88,16.33,14.44,9.92,4.42,1.87,.27,49.51,50.49,Semi Urban,P.149 Sri Gading,148,Johor,1,Aminolhuda Bin Hassan,CIKGU HUDA,63,male,bumiputera,PAKATAN HARAPAN (PH),23242,1,won,1,PH,Matched (3)
P.150,JOHOR,P.150,Batu Pahat,133910,52.03,44.72,1.43,.11,.09,.55,1.05,99.14,.02,.33,.5,5.64,20.34,21.58,16.94,14.98,11.4,6.34,2.34,.45,49.46,50.54,Urban,P.150 Batu Pahat,149,Johor,1,Onn Bin Abu Bakar,ONN BIN ABU BAKAR,59,male,bumiputera,PAKATAN HARAPAN (PH),45242,1,won,1,PH,Matched (3)
P.151,JOHOR,P.151,Simpang Renggam,59033,60.53,28.69,8.630000000000001,.2,.14,.14,1.68,98.78,.01,1.22,0,5.92,21.25,22.25,16.55,14.93,10.98,5.53,2.16,.42,50,50,Rural,P.151 Simpang Renggam,150,Johor,4,Hasni Bin Mohammad,HASNI BIN MOHAMMAD,63,male,bumiputera,BARISAN NASIONAL (BN),18312,1,won,1,BN,Matched (3)
P.152,JOHOR,P.152,Kluang,132342,41.23,46.06,10.43,.39,.64,.1,1.15,95.86,.02,.31,3.8,5.63,21.25,22.21,16.67,14.13,11.68,6.04,1.99,.39,50.16,49.84,Urban,P.152 Kluang,151,Johor,2,Wong Shu Qi,WONG SHU QI,39,female,bumiputera,PAKATAN HARAPAN (PH),49801,1,won,0,PH,Matched (3)
P.153,JOHOR,P.153,Sembrong,54982,60.25,27.81,8.800000000000001,.09,.09,1.67,1.31,99.91,.01,.08,0,4.89,18.72,24.86,17.37,12.92,13.1,6.13,1.67,.35,50.18,49.82,Semi Urban,P.153 Sembrong,152,Johor,1,Hishammuddin Bin Datuk Hussein,HISHAMMUDDIN HUSSEIN,61,male,bumiputera,BARISAN NASIONAL (BN),22572,1,won,0,BN,Matched (3)
P.154,JOHOR,P.154,Mersing,66275,81.18000000000001,13.74,1.18,.54,.5,2.11,.74,97.45999999999999,.01,.45,2.09,5.47,20.77,27.59,16.28,11.36,11.95,5,1.25,.33,50.45,49.55,Rural,P.154 Mersing,153,Johor,3,Muhammad Islahuddin Bin Abas,ISLAHUDDIN ABAS,34,male,bumiputera,PERIKATAN NASIONAL (PN),21066,1,won,1,PN,Matched (3)
P.155,JOHOR,P.155,Tenggara,67294,72.98999999999999,16.36,7.04,.43,1.04,.63,1.51,96.97,.01,.14,2.88,7.48,24.07,23.34,17.82,13.18,8.44,4.19,1.32,.16,49.88,50.12,Semi Urban,P.155 Tenggara,154,Johor,1,Manndzri Bin Nasib,MANNDZRI BIN NASIB,42,male,bumiputera,BARISAN NASIONAL (BN),21185,1,won,1,BN,Matched (3)
P.156,JOHOR,P.156,Kota Tinggi,61291,88.67,7.96,1.78,.14,.2,.13,1.12,99.34999999999999,0,.65,0,5.06,18.28,26.27,19.2,11.9,10.93,6.64,1.44,.28,50.16,49.84,Rural,P.156 Kota Tinggi,155,Johor,1,Mohamed Khaled Bin Nordin,KHALED NORDIN,64,male,bumiputera,BARISAN NASIONAL (BN),25410,1,won,0,BN,Matched (3)
P.157,JOHOR,P.157,Pengerang,55316,89.38,8.06,.75,.34,.35,.4,.73,98.66,0,.31,1.03,5.47,18.05,25.25,22.16,10.93,8.85,7.6,1.33,.36,50.37,49.63,Rural,P.157 Pengerang,156,Johor,2,Azalina Binti Othman,AZALINA OTHMAN SAID,58,female,bumiputera,BARISAN NASIONAL (BN),21738,1,won,0,BN,Matched (3)
P.158,JOHOR,P.158,Tebrau,223301,44.96,38.77,11.44,.53,1.32,.1,2.88,99.87,.01,.12,0,9.67,27.08,20.41,18.27,14,7.14,2.56,.72,.15,50.37,49.63,Urban,P.158 Tebrau,157,Johor,1,Jimmy Puah Wee Tse,JIMMY PUAH WEE TSE,46,male,chinese,PAKATAN HARAPAN (PH),83959,1,won,1,PH,Matched (3)
P.159,JOHOR,P.159,Pasir Gudang,198485,46.13,36.17,10.21,2.29,2.41,.13,2.66,98.95999999999999,.01,.45,.57,7.59,24.52,21.51,17.72,15.8,9.039999999999999,3.01,.7,.11,50.63,49.37,Urban,P.159 Pasir Gudang,158,Johor,2,Hassan Bin Abdul Karim,HASSAN ABDUL KARIM,71,male,bumiputera,PAKATAN HARAPAN (PH),71233,1,won,0,PH,Matched (3)
P.160,JOHOR,P.160,Johor Bahru,136368,51.42,39.23,5.9,.43,.53,.03,2.46,98.52,.02,1.46,0,4.21,15.7,19.77,17.47,16.32,14.77,8.359999999999999,2.71,.68,50.07,49.93,Urban,P.160 Johor Bahru,159,Johor,4,Akmal Nasrullah Bin Mohd Nasir,AKMAL NASIR,36,male,bumiputera,PAKATAN HARAPAN (PH),43252,1,won,0,PH,Matched (3)
P.161,JOHOR,P.161,Pulai,165313,44.61,40.12,12.22,.53,.64,.19,1.7,99.3,.02,.68,0,6.89,21.11,20.66,19.32,14.7,10.32,5.01,1.5,.49,50.31,49.69,Urban,P.161 Pulai,160,Johor,3,Salahuddin Bin Ayub,DATUK SERI SALAHUDDIN AYUB,61,male,bumiputera,PAKATAN HARAPAN (PH),64900,1,won,0,PH,Matched (3)
P.162,JOHOR,P.162,Iskandar Puteri,222437,36.27,47.22,14.1,.37,.86,.21,.97,99.58,.01,.41,0,7.48,23.76,21.23,18.09,15.08,9.58,3.72,.89,.17,50.07,49.93,Urban,P.162 Iskandar Puteri,161,Johor,3,Liew Chin Tong,LIEW CHIN TONG,45,male,chinese,PAKATAN HARAPAN (PH),96819,1,won,0,PH,Matched (3)
P.163,JOHOR,P.163,Kulai,151247,36.96,49.21,11.58,.5,.53,.02,1.21,99.51000000000001,.01,.45,.03,7.67,23.41,19.62,17.71,15.19,9.6,4.8,1.7,.29,50.3,49.7,Urban,P.163 Kulai,162,Johor,2,Teo Nie Ching,TEO NIE CHING,41,female,chinese,PAKATAN HARAPAN (PH),65529,1,won,0,PH,Matched (3)
P.164,JOHOR,P.164,Pontian,75212,68.25,28.03,1.06,.1,.11,.61,1.84,99.89,.01,.11,0,5.65,20.19,22.07,16.49,14.78,11.24,6.52,2.49,.57,49.68,50.32,Rural,P.164 Pontian,163,Johor,2,Ahmad Bin Maslan,DATUK SERI AHMAD MASLAN,56,male,bumiputera,BARISAN NASIONAL (BN),23201,1,won,0,BN,Matched (3)
P.165,JOHOR,P.165,Tanjung Piai,70679,57.02,40.05,1.02,.18,.16,.04,1.54,99.56,.01,.43,0,5.84,20.39,20.86,17.21,15.29,11.39,6.22,2.27,.54,50.74,49.26,Semi Urban,P.165 Tanjung Piai,164,Johor,2,Wee Jeck Seng,WEE JECK SENG,58,male,chinese,BARISAN NASIONAL (BN),23593,1,won,0,BN,Matched (3)
P.166,WILAYAH PERSEKUTUAN LABUAN,P.166,Labuan,44484,32.73,17.01,1.22,41.99,2.24,0,4.8,96.73999999999999,.01,.84,2.4,7.25,23.56,24.47,15.64,13.04,10.45,3.94,1.19,.46,52.29,47.71,Semi Urban,P.166 Labuan,165,W.P. Labuan,2,Suhaili Bin Abdul Rahman,DATO' DR. SUHAILI ABDUL RAHMAN,61,male,bumiputera,PERIKATAN NASIONAL (PN),8124,1,won,1,PN,Matched (3)
P.167,SABAH,P.167,Kudat,75724,4.17,7.06,.12,71.72,.32,.01,16.59,99.31999999999999,0,.68,0,7.96,23.27,23.49,16.62,11.81,8.42,4.19,2.37,1.86,50.54,49.46,Rural,P.167 Kudat,166,Sabah,4,Verdon Bin Bahanda,VERDON BIN BAHANDA,49,male,bumiputera,BEBAS (BEBAS),16323,1,won,1,Others,Matched (3)
P.168,SABAH,P.168,Kota Marudu,80735,2.66,2.01,.08,92.41,.31,0,2.53,99.78,0,.22,0,8.18,25.52,25.44,15.9,10.82,7.21,3.77,1.94,1.21,50.66,49.34,Rural,P.168 Kota Marudu,167,Sabah,6,Wetrom Bin Bahanda, DATUK WETROM BAHANDA,52,male,bumiputera,PARTI KESEJAHTERAAN DEMOKRATIK MASYARAKAT (KDM),24318,1,won,1,Others,Matched (3)
P.169,SABAH,P.169,Kota Belud,79885,2.92,1.12,.2,92.3,.31,0,3.15,99.39,0,.21,.4,7.13,22.23,23.88,17.05,13.48,9.25,3.86,2.07,1.04,48.94,51.06,Rural,P.169 Kota Belud,168,Sabah,3,Isnaraissah Munirah Bt Majilis@Fakharudy,MUNIRAH MAJILIS,40,female,bumiputera,PARTI WARISAN SABAH (WARISAN),25148,1,won,0,Others,Matched (3)
P.170,SABAH,P.170,Tuaran,83419,4.76,4.24,.23,87.17,.48,.01,3.11,99.77,0,.23,0,7.75,22.31,23.93,16.88,13.83,9.08,3.59,1.65,.98,49.79,50.21,Semi Urban,P.170 Tuaran,169,Sabah,1,Madius Bin Tangau,MADIUS TANGAU,64,male,bumiputera,PAKATAN HARAPAN (PH),24943,1,won,0,PH,Matched (3)
P.171,SABAH,P.171,Sepanggar,108370,12.97,17.07,.54,61.13,.73,.01,7.55,97.98,.01,.01,2.01,8.83,27.26,25.28,15.57,11.23,7.8,2.54,.93,.57,51,49,Urban,P.171 Sepanggar,170,Sabah,4,Mustapha @ Mohd Yunus Bin Sakmud,MUSTAPHA SAKMUD,53,male,bumiputera,PAKATAN HARAPAN (PH),27022,1,won,1,PH,Matched (3)
P.172,SABAH,P.172,Kota Kinabalu,74059,4.21,59.9,.98,29.48,.36,0,5.06,99.52,.02,.22,.25,3.32,14.06,19.12,18.19,16.55,16.09,8.69,2.85,1.12,49.03,50.97,Urban,P.172 Kota Kinabalu,171,Sabah,4,Chan Foong Hin,CHAN FOONG HIN,43,male,chinese,PAKATAN HARAPAN (PH),31359,1,won,0,PH,Matched (3)
P.173,SABAH,P.173,Putatan,63173,18.66,11.76,.74,59.48,1,.02,8.34,95.23,.01,.05,4.72,6.73,23.58,24.04,16.44,12.81,10.12,4.19,1.26,.84,51.72,48.28,Urban,P.173 Putatan,172,Sabah,2,Shahelmey Bin Yahya,SHAHELMEY BIN YAHYA,49,male,bumiputera,BARISAN NASIONAL (BN),16234,1,won,1,BN,Matched (3)
P.174,SABAH,P.174,Penampang,77214,4.72,26.71,.68,64.06,.97,0,2.86,96.61,.01,3.35,.03,6.88,22.07,23.85,18.88,13.27,9.210000000000001,3.97,1.33,.55,50.85,49.15,Urban,P.174 Penampang,173,Sabah,1,Ewon Benedick,EWON BENEDICK,39,male,bumiputera,PAKATAN HARAPAN (PH),29066,1,won,1,PH,Matched (3)
P.175,SABAH,P.175,Papar,59942,8.92,6.29,.3,79.45999999999999,.67,.01,4.37,98.62,.01,1.38,0,7.61,22.15,21.75,18.05,14.66,9.890000000000001,4.03,1.28,.58,49.93,50.07,Semi Urban,P.175 Papar,174,Sabah,6,Armizan Bin Mohd Ali,DATUK ARMIZAN BIN MOHD ALI,46,male,bumiputera,PARTI GABUNGAN RAKYAT SABAH (GRS),22620,1,won,1,Others,Matched (3)
P.176,SABAH,P.176,Kimanis,40763,9.220000000000001,2.93,.18,84.48,.59,0,2.6,99.95,0,.05,0,6.35,20.12,23.41,18.79,15.28,9.75,3.87,1.44,.99,50.32,49.68,Rural,P.176 Kimanis,175,Sabah,1,Mohamad Bin Alamin,MOHAMAD BIN ALAMIN,50,male,bumiputera,BARISAN NASIONAL (BN),13004,1,won,1,BN,Matched (3)
P.177,SABAH,P.177,Beaufort,43248,7.21,5.44,.32,84.19,.72,.01,2.11,99.51000000000001,0,.48,0,5.51,18.63,21.27,18.77,17.18,11.79,4.61,1.66,.58,50.33,49.67,Rural,P.177 Beaufort,176,Sabah,5,Siti Aminah Binti Aching,DATUK SITI AMINAH BINTI ACHING,60,female,bumiputera,BARISAN NASIONAL (BN),10570,1,won,1,BN,Matched (3)
P.178,SABAH,P.178,Sipitang,45871,8.07,3.38,.17,84.5,1.9,0,1.97,99.68000000000001,0,.32,0,6.73,22.33,23.31,17.09,14.49,10.21,3.62,1.53,.6899999999999999,50.81,49.19,Rural,P.178 Sipitang,177,Sabah,1,Matbali Bin Musah,DATUK MATBALI BIN MUSAH,53,male,bumiputera,PARTI GABUNGAN RAKYAT SABAH (GRS),14459,1,won,1,Others,Matched (3)
P.179,SABAH,P.179,Ranau,66517,2.2,1.32,.08,94.3,.43,.01,1.65,99.72,0,.28,0,7.66,24.26,25.08,16.71,12.01,8.199999999999999,3.35,1.67,1.06,50.28,49.72,Rural,P.179 Ranau,178,Sabah,2,Jonathan Bin Yasin,JONATHAN YASIN,55,male,bumiputera,PARTI GABUNGAN RAKYAT SABAH (GRS),22606,1,won,0,Others,Matched (3)
P.180,SABAH,P.180,Keningau,87588,5.36,7.08,.16,84.31,.73,.01,2.35,99.69,0,.31,0,7.87,26.5,24.82,15.81,12.44,8,2.83,1.13,.6,50.39,49.61,Rural,P.180 Keningau,179,Sabah,3,Gapari Bin Katingan @ Geoffrey Kitingan,DATUK SERI PANGLIMA DR.JEFFREY G.KITINGAN,75,male,bumiputera,PARTI GABUNGAN RAKYAT SABAH (GRS),23155,1,won,0,Others,Matched (3)
P.181,SABAH,P.181,Tenom,42045,6.09,8.5,.08,82.37,.55,0,2.4,99.66,0,.33,0,7.64,22.33,23.74,16.85,13.88,9.220000000000001,3.36,1.68,1.31,49.95,50.05,Rural,P.181 Tenom,180,Sabah,3,Riduan Bin Rubin,RIDUAN BIN RUBIN,35,male,bumiputera,BEBAS (BEBAS),10027,1,won,1,Others,Matched (3)
P.182,SABAH,P.182,Pensiangan,55672,1.51,.9399999999999999,.05,95.68000000000001,.35,.01,1.46,99.98,0,.02,0,9.59,28.21,24.88,14.54,10.78,6.36,2.45,1.67,1.52,50.11,49.89,Rural,P.182 Pensiangan,181,Sabah,5,Arthur Joseph Kurup,DATUK ARTHUR JOSEPH KURUP,40,male,bumiputera,BARISAN NASIONAL (BN),19623,1,won,0,BN,Matched (3)
P.183,SABAH,P.183,Beluran,44727,5.47,.86,.11,87.38,1.64,0,4.53,99.59999999999999,0,.4,0,8.210000000000001,26.22,24.04,15.97,12.02,7.6,3.5,1.62,.82,50.99,49.01,Rural,P.183 Beluran,182,Sabah,4,Ronald Kiandee,RONALD KIANDEE,61,male,bumiputera,PERIKATAN NASIONAL (PN),11303,1,won,0,PN,Matched (3)
P.184,SABAH,P.184,Libaran,72332,28.03,15.12,.31,46.51,1.05,0,8.970000000000001,97.31999999999999,0,1.89,.78,8.16,26.58,23.78,16.72,11.61,8.119999999999999,3.24,1.17,.62,51.43,48.57,Semi Urban,P.184 Libaran,183,Sabah,6,Suhaimi Bin Nasir,SUHAIMI BIN NASIR,54,male,bumiputera,BARISAN NASIONAL (BN),22969,1,won,1,BN,Matched (3)
P.185,SABAH,P.185,Batu Sapi,43916,14.83,26.98,.31,50.47,.87,.02,6.51,98.23999999999999,0,.65,1.11,7,24.05,22.23,15.32,13.32,10.09,4.57,2.03,1.4,51.63,48.37,Urban,P.185 Batu Sapi,184,Sabah,5,Khairul Firdaus Bin Akbar Khan,KHAIRUL FIRDAUS AKBAR KHAN,39,male,bumiputera,PARTI GABUNGAN RAKYAT SABAH (GRS),12152,1,won,1,Others,Matched (3)
P.186,SABAH,P.186,Sandakan,55542,14.39,42.37,.64,35.66,.79,.01,6.13,99.31999999999999,.01,.67,0,6.58,22.33,20.55,15.72,13.41,12.12,5.6,2.43,1.25,50.33,49.67,Urban,P.186 Sandakan,185,Sabah,4,Vivian Wong Shir Yee,VIVIAN WONG SHIR YEE,33,female,chinese,PAKATAN HARAPAN (PH),16673,1,won,1,PH,Matched (3)
P.187,SABAH,P.187,Kinabatangan,44773,14.61,.68,.14,78.92,1.38,0,4.27,99.52,0,.48,0,8.380000000000001,26.04,23.62,15.95,12.16,8.1,3.16,1.47,1.12,51.73,48.27,Rural,P.187 Kinabatangan,186,Sabah,2,Moktar Bin Radin,BUNG MOKTAR BIN RADIN,63,male,bumiputera,BARISAN NASIONAL (BN),16842,1,won,0,BN,Matched (3)
P.188,SABAH,P.188,Lahad Datu,100256,26.42,9.140000000000001,.42,56.03,1.18,.01,6.8,98.23,0,1.36,.41,8.81,27.73,24.81,14.75,11.32,8.08,2.77,1,.74,51.91,48.09,Semi Urban,P.188 Lahad Datu,187,Sabah,2,Mohammad Yusof Bin Bin Apdal,DATO' HJ MOHAMMAD YUSOF BIN APDAL,62,male,bumiputera,PARTI WARISAN SABAH (WARISAN),27116,1,won,1,Others,Matched (3)
P.189,SABAH,P.189,Semporna,72169,6.6,1.52,.14,87.61,.33,.01,3.79,98.7,0,.9399999999999999,.36,9.1,26.01,22.58,16.69,12.24,7.9,2.59,1.58,1.32,49.77,50.23,Rural,P.189 Semporna,188,Sabah,2,Mohd Shafie Bin Apdal,MOHD SHAFIE APDAL,65,male,bumiputera,PARTI WARISAN SABAH (WARISAN),28702,1,won,0,Others,Matched (3)
P.190,SABAH,P.190,Tawau,87477,33.96,29.52,.38,28.55,1.2,0,6.38,98.65000000000001,.01,.8100000000000001,.53,7.01,23.09,21.67,16.42,13.64,11.1,4.6,1.61,.86,51.34,48.66,Urban,P.190 Tawau,189,Sabah,6,Lo Su Fui,LO SU FUI,41,male,chinese,PARTI GABUNGAN RAKYAT SABAH (GRS),19865,1,won,1,Others,Matched (3)
P.191,SABAH,P.191,Kalabakan,83970,49.17,8.369999999999999,.36,32.93,2.21,.01,6.93,96.73,.01,.6,2.67,7.69,27.03,26.27,15.51,10.58,8.529999999999999,2.81,.99,.6,51.87,48.13,Urban,P.191 Kalabakan,190,Sabah,2,Andi Muhammad Suryady Bin Bandy,ANDI MUHAMMAD SURYADY BIN BANDY,41,male,bumiputera,BARISAN NASIONAL (BN),23855,1,won,1,BN,Matched (3)
P.192,SARAWAK,P.192,Mas Gading,47171,5.14,17.08,.18,.42,76.84,.01,.32,98.62,0,.32,1.06,6.47,21.45,19.52,16.99,16.74,11.32,5.39,1.7,.41,51.27,48.73,Rural,P.192 Mas Gading,191,Sarawak,3,Mordi Anak Bimol,MORDI ANAK BIMOL,37,male,bumiputera,PARTI TINDAKAN DEMOKRATIK (DAP),17274,1,won,0,Others,Matched (3)
P.193,SARAWAK,P.193,Santubong,79540,78.03,7.92,.09,.26,13.36,0,.34,99.79000000000001,0,.15,.06,8.210000000000001,25.1,21.72,16.93,13.77,8.85,4.02,1.13,.26,49.54,50.46,Semi Urban,P.193 Santubong,192,Sarawak,1,Nancy Binti Shukri,NANCY SHUKRI,61,female,bumiputera,GABUNGAN PARTI SARAWAK (GPS),43739,1,won,0,Others,Matched (3)
P.194,SARAWAK,P.194,Petra Jaya,109809,69.37,13.41,.59,.33,15.91,0,.38,99.15000000000001,.02,.84,0,7.47,23.86,22.65,16.97,13.88,9.289999999999999,4.27,1.3,.31,49.04,50.96,Urban,P.194 Petra Jaya,193,Sarawak,1,Fadillah Bin Yusof,FADILLAH BIN YUSOF,60,male,bumiputera,GABUNGAN PARTI SARAWAK (GPS),54745,1,won,0,Others,Matched (3)
P.195,SARAWAK,P.195,Bandar Kuching,109710,4.53,85.26000000000001,.7,.24,8.73,0,.55,98.94,.01,1.01,.03,3.51,12.6,16,17.06,18.08,18.04,10.19,3.61,.93,48.63,51.37,Urban,P.195 Bandar Kuching,194,Sarawak,3,Kelvin Yii Lee Wuen,KELVIN YII LEE WUEN,36,male,chinese,PARTI TINDAKAN DEMOKRATIK (DAP),45353,1,won,0,Others,Matched (3)
P.196,SARAWAK,P.196,Stampin,121009,14.56,61.57,.68,.3,22.56,0,.32,97.09,.02,.95,1.94,6.77,22.21,23.09,19.21,13.3,9.27,4.55,1.32,.28,50.56,49.44,Urban,P.196 Stampin,195,Sarawak,1,Chong Chieng Jen,CHONG CHIENG JEN,51,male,chinese,PARTI TINDAKAN DEMOKRATIK (DAP),39310,1,won,0,Others,Matched (3)
P.197,SARAWAK,P.197,Kota Samarahan,82229,55.76,13.26,.24,.57,29.87,.01,.29,93.81,0,.27,5.91,8.390000000000001,25.19,23.72,17.6,12.31,7.79,3.62,1.16,.21,50.63,49.37,Semi Urban,P.197 Kota Samarahan,196,Sarawak,1,Rubiah Binti Wang,DATUK HJH RUBIAH BINTI WANG,54,female,bumiputera,GABUNGAN PARTI SARAWAK (GPS),42278,1,won,0,Others,Matched (3)
P.198,SARAWAK,P.198,Puncak Borneo,79969,4.8,24.91,.18,.33,69.48999999999999,.01,.28,98.98,0,1.02,0,6.54,20.63,21.19,17.56,15.87,11.13,5.09,1.56,.43,50.76,49.24,Rural,P.198 Puncak Borneo,197,Sarawak,1,Willie Anak Mongin,WILLIE ANAK MONGIN,47,male,bumiputera,GABUNGAN PARTI SARAWAK (GPS),29457,1,won,0,Others,Matched (3)
P.199,SARAWAK,P.199,Serian,65273,7.6,10.21,.17,.23,81.54000000000001,0,.25,99.76000000000001,0,.24,0,6.35,19.87,20.48,17.37,16.78,11.81,5.4,1.53,.41,50.78,49.22,Rural,P.199 Serian,198,Sarawak,2,Richard Riot Anak Jaem,DATO' SRI RICHARD RIOT ANAK JAEM,71,male,bumiputera,GABUNGAN PARTI SARAWAK (GPS),22876,1,won,0,Others,Matched (3)
P.200,SARAWAK,P.200,Batang Sadong,32640,69.98999999999999,5.19,.05,.2,24.35,0,.22,99.68000000000001,0,.32,0,6.67,19.73,20.49,16.47,16.68,11.8,6.01,1.62,.53,49.37,50.63,Rural,P.200 Batang Sadong,199,Sarawak,1,Rodiyah Binti Sapiee,RODIYAH BINTI SAPIEE,44,female,bumiputera,GABUNGAN PARTI SARAWAK (GPS),18668,1,won,1,Others,Matched (3)
P.201,SARAWAK,P.201,Batang Lupar,43072,70.73999999999999,2.7,.02,.15,26.03,0,.36,99.95,.01,.04,0,6.38,20.46,21.76,16.54,16.58,10.83,5.4,1.56,.5,50.05,49.95,Rural,P.201 Batang Lupar,200,Sarawak,1,Mohamad Shafizan Haji Kepli,MOHAMAD SHAFIZAN,37,male,bumiputera,GABUNGAN PARTI SARAWAK (GPS),19627,1,won,1,Others,Matched (3)
P.202,SARAWAK,P.202,Sri Aman,50164,10.31,16.81,.06,.32,72.17,.02,.32,98.23999999999999,0,.74,1.02,6.29,20.53,19.05,16.28,16.05,12.49,6.78,2.03,.5,50.28,49.72,Rural,P.202 Sri Aman,201,Sarawak,1,Doris Sophia Anak Brodi,DORIS SOPHIA ANAK BRODI,62,female,bumiputera,GABUNGAN PARTI SARAWAK (GPS),14131,1,won,1,Others,Matched (3)
P.203,SARAWAK,P.203,Lubok Antu,28995,1.73,7.95,.05,.24,89.65000000000001,0,.38,99.68000000000001,0,.31,0,5.81,17.61,19.36,17.18,17.79,12.48,6.73,2.18,.86,50.48,49.52,Rural,P.203 Lubok Antu,202,Sarawak,3,Roy Angau Anak Gingkoi,ROY ANGAU ANAK GINGKOI,43,male,bumiputera,GABUNGAN PARTI SARAWAK (GPS),6644,1,won,1,Others,Matched (3)
P.204,SARAWAK,P.204,Betong,41743,43.65,6.37,.03,.14,49.49,.01,.31,99.69,0,.31,0,6.22,20.54,21.52,16,16.2,11.44,5.81,1.84,.43,50.16,49.84,Rural,P.204 Betong,203,Sarawak,3,Richard Rapu @ Aman Anak Begri,DR. RICHARD RAPU,58,male,bumiputera,GABUNGAN PARTI SARAWAK (GPS),16479,1,won,1,Others,Matched (3)
P.205,SARAWAK,P.205,Saratok,44531,36.9,6.64,.03,.19,56.05,0,.19,99.73,0,.27,0,6.64,20.71,20.84,15.92,16.55,11.94,5.56,1.43,.41,49.91,50.09,Rural,P.205 Saratok,204,Sarawak,2,Ali Anak Biju,DATUK ALI BIJU,54,male,bumiputera,PERIKATAN NASIONAL (PN),19223,1,won,0,PN,Matched (3)
P.206,SARAWAK,P.206,Tanjong Manis,32948,23.26,6.06,.05,.43,69.81999999999999,.01,.38,99.98,0,.02,0,6.88,22.45,21.37,17.29,15.54,10.19,4.55,1.24,.48,49.94,50.06,Rural,P.206 Tanjong Manis,205,Sarawak,1,Yusuf Bin Abd Wahab,IR. YUSUF ABD WAHAB,58,male,bumiputera,GABUNGAN PARTI SARAWAK (GPS),16474,1,won,0,Others,Matched (3)
P.207,SARAWAK,P.207,Igan,28290,5.96,3.83,.02,.47,89.43000000000001,0,.28,99.73,0,.27,0,6.68,23,21.79,15.98,15.39,10.46,5.08,1.3,.31,49.41,50.59,Rural,P.207 Igan,206,Sarawak,1,Ahmad Johnie Bin Zawawi,AHMAD JOHNIE BIN ZAWAWI,60,male,bumiputera,GABUNGAN PARTI SARAWAK (GPS),15824,1,won,0,Others,Matched (3)
P.208,SARAWAK,P.208,Sarikei,55018,4.56,60.65,.03,.2,34.32,.01,.22,99.40000000000001,0,.6,0,5.54,19.36,20.29,17.55,16.06,12.2,6.15,2.17,.67,50.27,49.73,Rural,P.208 Sarikei,207,Sarawak,1,Huang Tiong Sii,HUANG TIONG SII,53,male,chinese,GABUNGAN PARTI SARAWAK (GPS),20080,1,won,1,Others,Matched (3)
P.209,SARAWAK,P.209,Julau,34850,.48,4.98,.02,.17,93.77,.01,.5600000000000001,99.81,0,.19,0,6.3,20.47,19.97,17.9,16.75,10.36,5.25,1.98,1.02,51.03,48.97,Rural,P.209 Julau,208,Sarawak,3,Larry Soon @ Larry Sng Wei Shien,LARRY SOON @ LARRY SNG WEI SHIEN,43,male,chinese,PARTI BANGSA MALAYSIA (PBM),9159,1,won,0,Others,Matched (3)
P.210,SARAWAK,P.210,Kanowit,30988,1.74,11.53,.02,.2,86.19,0,.32,99.73,0,.27,0,6.28,19.45,20.88,16.43,16.27,11.83,5.78,2.11,.98,49.94,50.06,Rural,P.210 Kanowit,209,Sarawak,3,Ago Anak Dagang,AARON AGO ANAK DAGANG,63,male,bumiputera,GABUNGAN PARTI SARAWAK (GPS),7411,1,won,0,Others,Matched (3)
P.211,SARAWAK,P.211,Lanang,87356,4.23,64.95999999999999,.05,.45,30.07,.01,.23,98.02,0,.82,1.16,5.99,21.08,19.8,17.21,15.1,12.11,6.09,1.99,.63,49.33,50.67,Urban,P.211 Lanang,210,Sarawak,3,Alice Lau Kiong Yieng,ALICE LAU KIONG YIENG,41,female,chinese,PARTI TINDAKAN DEMOKRATIK (DAP),30120,1,won,0,Others,Matched (3)
P.212,SARAWAK,P.212,Sibu,105875,10.4,62.03,.12,.46,26.75,.02,.22,97.81999999999999,.01,.51,1.66,6.25,21.32,21.87,17.81,14.84,10.69,5.01,1.69,.53,49.75,50.25,Urban,P.212 Sibu,211,Sarawak,1,Oscar Ling Chai Yew,OSCAR LING CHAI YEW,45,male,chinese,PARTI TINDAKAN DEMOKRATIK (DAP),31287,1,won,0,Others,Matched (3)
P.213,SARAWAK,P.213,Mukah,46964,3.29,9.890000000000001,.05,.46,86.06999999999999,0,.23,99.56999999999999,0,.43,0,6.66,21.83,20.73,16.92,15.67,10.75,5.61,1.49,.34,50.63,49.37,Rural,P.213 Mukah,212,Sarawak,1,Hanifah Hajar Taib,HANIFAH HAJAR TAIB,50,female,bumiputera,GABUNGAN PARTI SARAWAK (GPS),21733,1,won,0,Others,Matched (3)
P.214,SARAWAK,P.214,Selangau,45743,1.01,3.78,.02,.27,94.5,0,.43,99.81,0,.19,0,7.52,21.74,20.72,17.6,15.34,9.75,4.7,1.77,.85,50.61,49.39,Rural,P.214 Selangau,213,Sarawak,2,Edwin Anak Banta,EDWIN ANAK BANTA,57,male,bumiputera,GABUNGAN PARTI SARAWAK (GPS),16078,1,won,1,Others,Matched (3)
P.215,SARAWAK,P.215,Kapit,45210,2.37,8.710000000000001,.04,.23,88.09,0,.5600000000000001,99.59,0,.4,0,6.79,20.91,21.61,16.7,15.65,10,5.33,2.07,.9399999999999999,49.54,50.46,Rural,P.215 Kapit,214,Sarawak,1,Alexander Nanta Linggi,ALEXANDER NANTA LINGGI,64,male,bumiputera,GABUNGAN PARTI SARAWAK (GPS),16522,1,won,0,Others,Matched (3)
P.216,SARAWAK,P.216,Hulu Rajang,43438,.98,1.81,.03,.42,95.97,.02,.77,99.81999999999999,0,.18,0,7.55,22.72,21.21,16.32,14.47,9.31,4.74,2.29,1.39,51.02,48.98,Rural,P.216 Hulu Rajang,215,Sarawak,2,Ugak Anak Kumbong,UGAK ANAK KUMBONG,60,male,bumiputera,GABUNGAN PARTI SARAWAK (GPS),15456,1,won,0,Others,Matched (3)
P.217,SARAWAK,P.217,Bintulu,113599,9.81,25.24,.1,.64,63.79,0,.42,99.25,0,.34,.41,7.76,24.6,21.6,16.18,14.94,9.789999999999999,3.73,1.01,.39,50.84,49.16,Urban,P.217 Bintulu,216,Sarawak,2,Tiong King Sing,DATO SRI TIONG KING SING,61,male,chinese,GABUNGAN PARTI SARAWAK (GPS),43455,1,won,0,Others,Matched (3)
P.218,SARAWAK,P.218,Sibuti,58522,18.39,22.84,.17,.72,57,0,.88,98.67,.01,.09,1.24,6.91,23.94,23.43,16.32,13.25,10.25,4.47,1.1,.32,51.52,48.48,Rural,P.218 Sibuti,217,Sarawak,1,Lukanisman Bin Awang Sauni,LUKANISMAN BIN AWANG SAUNI,40,male,bumiputera,GABUNGAN PARTI SARAWAK (GPS),22150,1,won,0,Others,Matched (3)
P.219,SARAWAK,P.219,Miri,143229,16.78,46.38,.32,.79,35.13,0,.6,99.27,.01,.73,0,6.74,22.56,21.75,16.65,14.37,11.17,4.82,1.46,.47,49.87,50.13,Urban,P.219 Miri,218,Sarawak,3,Chiew Choon Man,CHIEW CHOON MAN,31,male,chinese,PAKATAN HARAPAN (PH),39549,1,won,1,PH,Matched (3)
P.220,SARAWAK,P.220,Baram,59535,4.52,7.44,.04,.34,86.59,.04,1.04,99.87,0,.13,0,6.34,19.13,19.55,16.69,16.36,12.01,5.43,2.68,1.8,51.69,48.31,Rural,P.220 Baram,219,Sarawak,1,Anyi Ngau,ANYI NGAU,64,male,bumiputera,GABUNGAN PARTI SARAWAK (GPS),18399,1,won,0,Others,Matched (3)
P.221,SARAWAK,P.221,Limbang,41999,25.82,17.48,.1,6.21,49.39,0,1.01,99.14,0,.86,0,6.77,20.66,21.9,17.1,14.78,11.84,4.78,1.61,.55,51.06,48.94,Rural,P.221 Limbang,220,Sarawak,2,Hasbi Bin Habibollah,HASBI BIN HABIBOLLAH,59,male,bumiputera,GABUNGAN PARTI SARAWAK (GPS),14897,1,won,0,Others,Matched (3)
P.222,SARAWAK,P.222,Lawas,33655,35.9,9.42,.12,3.1,50.58,.01,.86,99.7,0,.3,0,7.08,22.25,21.69,16.95,14.65,10.88,4.34,1.57,.6,51.77,48.23,Rural,P.222 Lawas,221,Sarawak,3,Henry Sum Agong,HENRY SUM AGONG,76,male,bumiputera,GABUNGAN PARTI SARAWAK (GPS),11361,1,won,0,Others,Matched (3)
